permit,job_filing,filing_reason,issued,approved,expires,work_type,job_description,estimated_cost,house,street,borough,zip,contractor_license_type,contractor_business,contractor_address,owner_business,owner_city,owner_state,status
B00620268-I1-PL,B00620268-I1,Initial Permit,2026-09-25,2022-06-20,2027-02-22,Plumbing,"PLUMBING WORK TYPE ONLY FOR INTERIOR RENOVATION OF EXISTING 3-DWELLING UNITS, NO CHANGE IN BULK, OCCUPANCY OR EGRESS.",50002,1270,JEFFERSON AVENUE,Brooklyn,11221,P,ARANDA PLBG & HTG CORP,104-04 ASTORIA BOULEVARD,PR,,,Permit Issued
B00751849-Z1-MS,B00751849-Z1,Initial Permit,2026-09-25,2026-07-16,2026-10-30,Mechanical Systems,SUBSEQUENT MECHANICAL GENERATOR APPLICATION FILED HEREWITH.,0,284,4 AVENUE,Brooklyn,11215,GC,BRUKLYN BUILDERS INC,1213 ROGERS AVENUE,BRUKLYN BUILDERS INC,,,Permit Issued
B00807731-S5-MS,B00807731-S5,Initial Permit,2026-09-25,2026-02-19,2026-10-29,Mechanical Systems,"Provide new split systems for cooling, floor radiant heating system for heation. provide associated equipment, boiler, piping, fans and referigeration piping .",42500,2037,EAST 5 STREET,Brooklyn,11223,GC,MNC GENERAL CONTR CORP,"1711 GRAVESEND NECK RD, 3RD FL",PR,,,Permit Issued
B01043155-S2-PL,B01043155-S2,Initial Permit,2026-09-25,2025-05-21,2026-11-30,Plumbing,Subsequently filed Plumbing Scope of Work for new residential building as per plan in conjunction with NB # B01043155-I1.,0,729,VAN SINDEREN AVENUE,Brooklyn,11207,P,TARGET PIPING NY LLC,1127 UTICA AVENUE,AUTHORIZED SIGNATORY FOR ENTITY,,,Permit Issued
B01043155-S3-EW-SP,B01043155-S3,Initial Permit,2026-09-25,2025-05-22,2026-11-30,Standpipe,Subsequent filing for proposed installation of a combination Sprinkler and Standpipe System with Fire Pump for new residential building as per plan in conjunction with NB # B01043155-I1.,0,729,VAN SINDEREN AVENUE,Brooklyn,11207,F,TARGET PIPING NY LLC,1127 UTICA AVENUE,AUTHORIZED SIGNATORY FOR ENTITY,,,Permit Issued
B01054736-S7-ST,B01054736-S7,Initial Permit,2026-09-25,2025-05-08,2026-12-01,Structural,"STRUCTURAL WORK FILED IN CONJUNCTION WITH GC APPLICATION: REHABILITATION OF THE EXISTING GARAGES (GARAGES 1, 2 & 3) AND PLAZA STRUCTURE. NO CHANGE TO USE, EGRESS OR OCCUPANCY",18235350,675,LINCOLN AVENUE,Brooklyn,11208,GC,FIFTH AVENUE BUILDERS LLC,32 EAST 31 STREET 9TH FL,LP PRESERVATION LLC,,,Permit Issued
B01073913-I1-GC,B01073913-I1,Initial Permit,2026-09-25,2025-07-15,2027-05-20,General Construction,FILING TO ESTABLISH C OF O FOR AN EXISTING 2-FAMILY HOUSE AND ASSOCIATED RENOVATIONS AS PER PLANS.,390000,16,ST JAMES PLACE,Brooklyn,11205,GC,AND RENOVATION LLC,318 GRAND STREET #4A,Not Applicable,,,Permit Issued
B01083942-I1-ST,B01083942-I1,Initial Permit,2026-09-25,2024-08-28,2026-10-31,Structural,Structural work in conjunction with new four story building,187860,222,NORTH 8 STREET,Brooklyn,11211,GC,SKYLINE BUILDERS NYC CORP,4403 15TH AVENUE #204,HALLEL MANAGEMENT,,,Permit Issued
B01093098-I1-GC,B01093098-I1,Initial Permit,2026-09-25,2026-03-16,2026-12-06,General Construction,APPLICATION IS FILED TO REMOVE 51 PARKING SPOTS AND COVERT TO STORAGE SPACE ON THE FIRST FLOOR OF THE EXISTING 4-STORY PARKING GARAGE. NO CHANGE IN BULK. 483 SPOTS IN THE EXISTING FACILITY TO REMAIN.,60240,177,ARDSLEY LOOP,Brooklyn,11239,GC,KAMA CONSTRUCTION CORP,15 REGENT PL,"BSC HOUSING COMPANY, INC",,,Permit Issued
B01139047-I1-GC,B01139047-I1,Initial Permit,2026-09-25,2024-11-25,2027-01-06,Structural,"KBCC G Bldg, Pool Renovation exterior & interior Removal/Replacement/Repairs: masonry, concrete, Ceiling, Door and Pool & deck waterproofing. New structural dunnage for new mech. Equipment. Misc facade repairs (coping, repointing, brick rep",2657035,1925,ORIENTAL BOULEVARD,Brooklyn,11235,GC,PROJECT EYE CONSULTANTS I,2096 CLOVE ROAD,CITY UNIVERSITY OF NEW YORK,,,Permit Issued
B01171197-S7-MS,B01171197-S7,Initial Permit,2026-09-25,2026-09-01,2027-02-24,Mechanical Systems,INSTALLATION OF MECHANICAL SYSTEM AS PER PLANS SUBMITTED HEREWITH IN CONJUNCTION WITH B01171197-I1,80000,93,WYCKOFF STREET,Brooklyn,11201,GC,ACCRETE CONSTRUCTION GROU,3702 ASTORIA BLVD SUITE 403,Not Applicable,,,Permit Issued
B01180464-S3-PL,B01180464-S3,Initial Permit,2026-09-25,2026-08-20,2026-10-31,Plumbing,Plumbing application filed in conjunction with DOB NOW application # B01180464-I1,56700,1739,EAST 33 STREET,Brooklyn,11234,P,"GREGG NY PLUMBING, INC","291 BROADWAY, SUITE 706",PR,,,Permit Issued
B01232767-S1-MS,B01232767-S1,Initial Permit,2026-09-25,2026-07-21,2026-10-31,Mechanical Systems,"Propose mechanical system for new 8-story building, filed in conjunction with GC # B01232767-I1.",0,660,STERLING PLACE,Brooklyn,11216,GC,SKYLINE BUILDERS NYC CORP,4403 15TH AVENUE #204,LE CAPITAL NYC,,,Permit Issued
B01232767-S4-ST,B01232767-S4,Initial Permit,2026-09-25,2026-05-03,2026-10-31,Structural,"SUBSEQUENT FILING FOR PROPOSE STRUCTURAL WORK FOR NEW 8-STORY MIXED-USE, MULTI-FAMILY BUILDING INCLUDING CONCRETE COLUMNS, BEAMS AND SLABS, FILED IN CONJUNCTION WITH NB # B01232767-I1.",0,660,STERLING PLACE,Brooklyn,11216,GC,SKYLINE BUILDERS NYC CORP,4403 15TH AVENUE #204,LE CAPITAL NYC,,,Permit Issued
B01285363-S5-SE,B01285363-S5,Initial Permit,2026-09-25,2026-04-03,2027-06-01,Support of Excavation,SUPPORT OF EXCAVATION FILED HEREWITH IN CONJUNCTION WITH B01285363-I1,0,1550,NEW YORK AVENUE,Brooklyn,11210,GC,MJH CONSTRUCTION CORP,"670 MYRTLE AVE, #6366",BLACK STEEL DEVELOPERS,,,Permit Issued
B01301179-I1-MS,B01301179-I1,Initial Permit,2026-09-25,2026-09-24,2027-06-25,Mechanical Systems,"INSTALLATION OF NEW VRF HEAT PUMP SYSTEM. NO CHANGE IN USE,EGRESS, OR OCCUPANCY.",40000,157,DIAMOND STREET,Brooklyn,11222,PE,AHT ENGINEERING PLLC,1342 OCEAN PARKWAY,Not Applicable,,,Permit Issued
B01317025-S2-GC-CX,B01317025-S2,Initial Permit,2026-09-25,2026-09-16,2027-01-01,General Construction,File subsequent for structural worktype.,192500,642,BALTIC STREET,Brooklyn,11217,GC,LXC CONSTRUCTION INC,45-32 218TH STREET,Y CONSTRUCTION INC.,,,Permit Issued
B01323025-S1-FN,B01323025-S1,Initial Permit,2026-09-25,2026-01-30,2027-06-01,Construction Fence,INSTALLATION OF A TEMPORARY WOODEN CONSTRUCTION FENCE,1000,101,MOORE STREET,Brooklyn,11206,GC,MJH CONSTRUCTION CORP,"670 MYRTLE AVE, #6366",PR,,,Permit Issued
B01325569-I1-GC,B01325569-I1,Initial Permit,2026-09-25,2026-07-06,2026-12-12,General Construction,"RENOVATE EXISTING ONE-FAMILY RESIDENCE. GENERAL CONSTRUCTION WORK INCLUDES DEMOLITION AND CONSTRUCTION OF NON-STRUCTURAL PARTITIONS, ENLARGEMENT OF OPENING AT REAR. NO CHANGE TO USE, EGRESS OR OCCUPANCY.",220500,152,MIDWOOD STREET,Brooklyn,11225,GC,SUPREME GEN.CONTR INC,60 COVERLY AVE,Not Applicable,,,Permit Issued
B01325569-S1-ST,B01325569-S1,Initial Permit,2026-09-25,2026-07-16,2026-12-12,Structural,STRUCTURAL WORK FILED IN CONJUNCTION WITH RENOVATION TO EX. ONE-FAMILY. DEMOLISH INTERIOR WALL AT AND PROVIDE REINFORCEMENT IN BASEMENT AND INSTALL NEW BEARING WALL AT FIRST FLOOR.,25000,152,MIDWOOD STREET,Brooklyn,11225,GC,SUPREME GEN.CONTR INC,60 COVERLY AVE,Not Applicable,,,Permit Issued
B01325569-S2-MS,B01325569-S2,Initial Permit,2026-09-25,2026-07-08,2026-12-12,Mechanical Systems,MECHANICAL WORK FILED IN CONJUNCTION WITH RENOVATION TO EX. ONE-FAMILY. INSTALL NEW SPLIT HVAC SYSTEM,20000,152,MIDWOOD STREET,Brooklyn,11225,GC,SUPREME GEN.CONTR INC,60 COVERLY AVE,Not Applicable,,,Permit Issued
B01333669-S6-EW-SP,B01333669-S6,Initial Permit,2026-09-25,2026-08-14,2027-05-01,Sprinklers,SUBMIT SPRINKLER WORK IN CONJUNCTION WITH DOB NOW GC JOB#: B01333669-I1.,141561,777A,UNION STREET,Brooklyn,11215,P,AMERICAN STANDARD P&H COR,62-49 30TH AVENUE,PR,,,Permit Issued
B01347768-I1-GC,B01347768-I1,Initial Permit,2026-09-25,2026-08-18,2026-12-30,General Construction,ALTERATION-CO FOR RENOVATION OF EXISTING 4-FAMILY DWELLING INCLUDING NEW ROOF AND NEW ROOF STAIR BULKHEAD.,756500,212,PRESIDENT STREET,Brooklyn,11231,GC,ACER CONSTRUCTION INC,131-44 40TH ROAD 2ND FLOOR,Not Applicable,,,Permit Issued
B01357332-I1-GC,B01357332-I1,Initial Permit,2026-09-25,2026-07-02,2027-01-12,General Construction,Alt-CO to change the use of a retail space to community facility and enlargement of laundry room.,15800,2886,ATLANTIC AVENUE,Brooklyn,11207,GC,JS CONSTRUCTION GROUP INC,18-23 27TH AVENUE,2886 Atlantic Ave LLC,,,Permit Issued
B01358922-S2-GC-CX,B01358922-S2,Initial Permit,2026-09-25,2026-09-03,2026-10-27,Mechanical Systems,"This subsequent filing SI MS/GC (Job B01358922-S1) to correct and update plan for legalization since amendment is not allowed under the initial I1 filing Job B01358922-I1. No change in occupancy, use, bulk or egress under this application.",6050,147,DIAMOND STREET,Brooklyn,11222,GC,CLIFF REFRIGERATION & A/C,219-07 MERRICK BLVD,Not Applicable,,,Permit Issued
