license_id,issued,effective,expires,license_class,legal_name,trade_name,premises_address,city,zip,county
0009-26-143598,2026-09-20,2026-05-20,2029-04-30,Wholesale Liquor,"SGBC OF NY, LLC",,550 Food Center Dr Ste 2-A,Bronx,10474,Bronx
0081-22-135141,2026-09-20,2025-04-01,2028-03-31,Grocery Store,511 MH-AG HOLDINGS LLC,AMAGANSETT IGA,511 MONTAUK HIGHWAY,AMAGANSETT,11930,Suffolk
0138-21-222696,2026-09-20,2024-10-17,2027-09-30,Food & Beverage Business,PIZZERIA MR CRIS INC,PIZZERIA MR CRIS,209 BROADWAY,NEWBURGH,12550,Orange
0340-22-108176,2026-09-20,2026-07-01,2028-06-30,Restaurant,CORNER BAR LLC,THE CORNER,270 MAIN ST,EAST SETAUKET,11733,Suffolk
0340-24-100009,2026-09-20,2026-01-01,2027-12-31,Restaurant,2011 ALBANY POST ROAD CORP,YUKA'S LATIN FUSION,2011 ALBANY POST RD,CROTON ON HUDSON,10526,Westchester
0340-25-105732,2026-09-20,2025-03-26,2027-02-28,Restaurant,331 Harlem Rest Corp,Cucina Italian Tavern,331 Lenox Avenue,New York,10027,New York
0340-26-155169,2026-09-20,2026-09-20,2028-08-31,Restaurant,4P's New York LLC,Pizza 4P'S,38 Norman Ave Unit C,Brooklyn,11222,Kings
0349-22-217254,2026-09-20,2026-10-01,2028-09-30,Club,ESPERANCE ELKS LODGE 2507,,111 Main St,Esperance,12066,Montgomery
0081-26-155164,2026-09-19,2026-09-19,2029-08-31,Grocery Store,Mayberry Marketplace Corporation,,61 1st Ave,New York,10003,New York
0081-26-155167,2026-09-19,2026-09-19,2029-08-31,Grocery Store,A&M Kings Grocery Corp.,ASIM KING DELI GROCERY,422 Ditmas Ave,Brooklyn,11218,Kings
0370-26-155165,2026-09-19,2026-09-19,2028-08-31,Food & Beverage Business,Real Pubs LLC,Angie's,550 Plandome Rd,Manhasset,11030,Nassau
0001-26-155147,2026-09-18,2026-09-18,2027-08-31,Wholesale Beer (Retail),ESB Beverage Co. LLC,Kings Park Beverage,165 West Main St,Kings Park,11754,Suffolk
0009-21-115209,2026-09-18,2024-04-21,2027-03-31,Wholesale Liquor,"SOUTHERN GLAZER'S WINE AND SPIRITS OF NEW YORK, LLC",,345 UNDERHILL BLVD,SYOSSET,11791,Nassau
0036-26-255157,2026-09-18,2026-09-18,2029-08-31,Direct Shipper Wine,"Schrader Cellars, LLC",Schrader Cellars,7801 St Helena Hwy,Oakville,94562,Napa
0036-26-255160,2026-09-18,2026-09-18,2029-08-31,Direct Shipper Wine,BPCP Wine Co. LLC,Tucker Beckstoffer Wines,10295 Westside Rd,Healdsburg,95448,Sonoma
0071-23-133051,2026-09-18,2026-10-01,2029-09-30,Grocery Store,HOA FOODS INC,BRANCARD'S DELI,80 ROCKAWAY AVE,VALLEY STREAM,11580,Nassau
0071-23-136618,2026-09-18,2026-10-01,2029-09-30,Grocery Store,LA REINA MORENA DELI & GROCERY CORP,,1001 39TH ST,BROOKLYN,11219,Kings
0081-23-102517,2026-09-18,2026-10-01,2029-09-30,Grocery Store,GRACE TREE FRUIT CORP,,415 WOODWARD AVE,RIDGEWOOD,11385,Queens
0081-23-102747,2026-09-18,2026-10-01,2029-09-30,Grocery Store,B & B GOURMET MARKET INC,,790 LEXINGTON AVE,NEW YORK,10065,New York
0081-23-110107,2026-09-18,2026-10-01,2029-09-30,Grocery Store,LA TIENDITA DONA FIDE CORP,LA TIENDITA DONA FIDE,2210 WESTCHESTER AVE,BRONX,10462,Bronx
0081-23-112029,2026-09-18,2026-10-01,2029-09-30,Grocery Store,SWAMI KRUPA MINI MART INC,FRIENDLY DELI,800 W BEECH ST,LONG BEACH,11561,Nassau
0081-23-112973,2026-09-18,2026-10-01,2029-09-30,Grocery Store,MILLENNIUM CONVENIENCE & GROCERY INC,,1737 YORK AVE,NEW YORK,10128,New York
0081-23-120318,2026-09-18,2026-11-01,2029-10-31,Grocery Store,CU GROUP INC,7 ELEVEN STORE #33545B,1297 NEW YORK AVE,HUNTINGTON STATION,11746,Suffolk
0081-23-120320,2026-09-18,2026-10-01,2029-09-30,Grocery Store,RALPH & FOSTER INC,SNACK SHOP,5916 FOSTER AVE,BROOKLYN,11234,Kings
0081-23-122331,2026-09-18,2026-10-01,2029-09-30,Grocery Store,RICHMOND FRUIT INC,,3868 70 RICHMOND AVENUE,STATEN ISLAND,10312,Richmond
0081-23-122344,2026-09-18,2026-10-01,2029-09-30,Grocery Store,PROSPECT DELI CORP,BROOKLYN DELI,684 FRANKLIN AVE,BROOKLYN,11238,Kings
0081-23-122492,2026-09-18,2026-10-01,2029-09-30,Grocery Store,KISSENA BLVD DELI & GROCERY INC,,44-47 KISSENA BLVD,FLUSHING,11355,Queens
0081-23-122778,2026-09-18,2026-10-01,2029-09-30,Grocery Store,SHOREHAM MAH CORP,SHOP WITH US,99 28 ROUTE 25A,SHOREHAM,11786,Suffolk
0081-23-157833,2026-09-18,2026-10-01,2029-09-30,Grocery Store,MARIAM CANDY & NEWS INC,MARIAM BEER & LOTTO CONVENIENCE,381 1ST AVE,NEW YORK,10014,New York
0081-23-159034,2026-09-18,2026-10-01,2029-09-30,Grocery Store,EAST HAMPTON BEER INC,,352 MONTAUK HWY,WAINSCOTT,11975,Suffolk
0081-23-165104,2026-09-18,2026-10-01,2029-09-30,Grocery Store,JANET FOOD CORP,KEY FOOD FRESH SUPERMARKET,2630 FREDERICK DOUGLASS BLVD,NEW YORK,10030,New York
0081-23-200814,2026-09-18,2026-10-01,2029-09-30,Grocery Store,ANA VALDEZ,ANA DELI & GROCERY,50 ROSE AVE,SPRING VALLEY,10977,Rockland
0081-23-214800,2026-09-18,2026-11-01,2029-10-31,Grocery Store,CRYSTAL RUN SUNOCO INC,,2 BEN GILMAN WAY,MIDDLETOWN,10941,Orange
0081-23-222534,2026-09-18,2026-10-01,2029-09-30,Grocery Store,MG FOOD MART OF PORT JERVIS INC,DB FOOD MART,1 E MAIN ST,PORT JERVIS,12771,Orange
0081-26-155035,2026-09-18,2026-09-18,2029-08-31,Grocery Store,R.F.D. Food Corp.,Key Food,751 Lydig Ave,Bronx,10462,Bronx
0081-26-155039,2026-09-18,2026-09-18,2029-08-31,Grocery Store,Williams 1 Stop Shop Corp,,100 Berry St,Brooklyn,11249,Kings
0081-26-155100,2026-09-18,2026-09-18,2029-08-31,Grocery Store,Black Rock Convenience LLC,Black Rock Convenience,1761 RTE 112,Medford,11763,Suffolk
0081-26-155138,2026-09-18,2026-09-18,2029-08-31,Grocery Store,1632 Dekalb Station Convenience Corp,,1632 Dekalb Ave,Brooklyn,11237,Kings
0100-20-103856,2026-09-18,2026-11-01,2029-10-31,Liquor Store,KERALA WINES INC,NEW ROCHELLE WINES,558 NORTH AVE,NEW ROCHELLE,10801,Westchester
0100-23-124459,2026-09-18,2026-10-01,2029-09-30,Liquor Store,MCLEAN WINES & LIQUORS INC,,459 MCLEAN AVE,YONKERS,10705,Westchester
0100-23-124968,2026-09-18,2026-04-01,2029-03-31,Liquor Store,BAAS ROOKHUM CORP THE,MERRICK WINES & LIQUORS,126 01 MERRICK BLVD,JAMAICA,11434,Queens
0100-26-254985,2026-09-18,2026-09-18,2029-08-31,Liquor Store,AJ&Jacobs Inc.,,187 Rt 9W North,Haverstraw,10927,Rockland
0138-23-142536,2026-09-18,2026-09-18,2029-08-31,Food & Beverage Business,SEAFOOD KING FISH MARKET INC,,3903 3905 BROADWAY,NEW YORK,10032,New York
0240-22-100273,2026-09-18,2026-10-01,2028-09-30,Restaurant,MEV HOYT STREET LLC,MILE END,97A HOYT ST,BROOKLYN,11217,Kings
0240-22-100903,2026-09-18,2026-10-01,2028-09-30,Restaurant,IN THURSDAY NAMU LLC,MOKYO,109 ST MARKS PL,NEW YORK,10009,New York
0240-22-100935,2026-09-18,2026-10-01,2028-09-30,Restaurant,32 MILL LLC,SYDNEY'S CAFE,32 MILL RD,WESTHAMPTON BEACH,11978,Suffolk
0240-22-101628,2026-09-18,2026-10-01,2028-09-30,Restaurant,YELLOWSTONE SUSHI INC,,66-73 SELFRIDGE ST,FOREST HILLS,11375,Queens
0240-22-102266,2026-09-18,2026-10-01,2028-09-30,Restaurant,ARDSLEY CUCINA INC,ARDSLEY CUCINA,935 SAW MILL RIVER RD,ARDSLEY,10502,Westchester
0240-26-155016,2026-09-18,2026-09-18,2028-08-31,Restaurant,13 torres inc,,10-12 saint pauls ave,staten island,10301,Richmond
0240-26-155149,2026-09-18,2026-09-18,2028-08-31,Restaurant,Fun Ramen House LLC,Men-ya Inoichi,313 Knickerbocker Ave,Brooklyn,11237,Kings
0267-22-110449,2026-09-18,2026-11-01,2028-10-31,Food & Beverage Business,FARMSTAND MEATS INC,,75 9TH AVE,NEW YORK,10011,New York
0267-22-115011,2026-09-18,2026-10-01,2028-09-30,Food & Beverage Business,GLG 1 HOSPITALITY LLC,MASON SANDWICH CO,33 MILL RD,EASTCHESTER,10709,Westchester
0267-22-313037,2026-09-18,2026-10-01,2028-09-30,Food & Beverage Business,OFC CREATIONS THEATRE CENTER LLC&CRB WINE&BEER INC,,3450 WINTON PL,ROCHESTER,14623,Monroe
0267-23-363827,2026-09-18,2025-12-01,2027-11-30,Food & Beverage Business,Wine Thirty Inc,Flight Wine Bar,262 Exchange Blvd,Rochester,14608,Monroe
0267-24-134153,2026-09-18,2026-10-01,2028-09-30,Food & Beverage Business,Yokox Omakase Inc,Yokox Omakase,41 Avenue B,New York,10009,New York
0267-26-154983,2026-09-18,2026-09-18,2028-08-31,Food & Beverage Business,Semm SWPK LLC,Semm,417 Lafayette St,New York,10003,New York
0267-26-155042,2026-09-18,2026-09-18,2028-08-31,Food & Beverage Business,Yukimi LLC,,247 Elizabeth St,New York,10012,New York
0267-26-255044,2026-09-18,2026-09-18,2028-08-31,Food & Beverage Business,5418 South Bay Road LLC,HIEXP Market Place,5418 S Bay Rd,North Syracuse,13212,Onondaga
0272-23-137753,2026-09-18,2026-10-01,2027-04-30,Winter Legitimate Theatre,"WOMEN'S PROJECT AND PRODUCTIONS INC, THE",WOMEN'S PROJECT THEATER,2162 BROADWAY,NEW YORK,10024,New York
0340-21-118559,2026-09-18,2025-12-01,2027-11-30,Restaurant,26-05 HOSPITALITY LLC,ANASSA TAVERNA,26-05 28TH ST,ASTORIA,11102,Queens
0340-22-103056,2026-09-18,2026-10-01,2028-09-30,Restaurant,GIMEGA CORP,LA PEQUENA COLOMBIA,83 27 ROOSEVELT AVE,JACKSON HEIGHTS,11372,Queens
0340-22-103507,2026-09-18,2026-10-01,2028-09-30,Restaurant,SILVESTRE DE LA CRUZ,LA FAMILIA RESTAURANT,938 4TH AVENUE,BROOKLYN,11232,Kings
0340-22-104023,2026-09-18,2026-10-01,2028-09-30,Restaurant,"BK RESTAURANT PARTNERS, LLC",PERA,303 MADISON AVE,NEW YORK,10017,New York
0340-22-104030,2026-09-18,2026-10-01,2028-09-30,Restaurant,STAR DIAMOND OF INDIA LLC,STRIP HOUSE,15 WEST 44TH ST,NEW YORK,10036,New York
0340-22-104312,2026-09-18,2026-10-01,2028-09-30,Restaurant,HUDSON GASTROPUB LLC,THE WARREN,131 CHRISTOPHER ST,NEW YORK,10014,New York
0340-22-104600,2026-09-18,2026-02-13,2028-01-31,Restaurant,MIDTOWN MANOR LLC,INDIAN ACCENT,123 W 56TH ST,NEW YORK,10019,New York
0340-22-105033,2026-09-18,2026-10-01,2028-09-30,Restaurant,28 NOMAD INC,BARN JOO NOMAD,816 6TH AVE,NEW YORK,10001,New York
0340-22-106413,2026-09-18,2026-11-01,2028-10-31,Restaurant,DAVEY JONES LOCKER MANAGEMENT INC,SHIPWRECK TAVERN,10 BAYVILLE AVENUE,BAYVILLE,11709,Nassau
0340-22-107289,2026-09-18,2026-10-01,2028-09-30,Restaurant,CAMAPA LTD,LONGO BROS,474 9TH AVE,NEW YORK,10018,New York
0340-22-108362,2026-09-18,2026-11-01,2028-10-31,Restaurant,GKK MANAGEMENT GROUP LLC,GYU-KAKU RESTAURANT,159 MAIN ST,WHITE PLAINS,10601,Westchester
0340-22-108738,2026-09-18,2026-11-01,2028-10-31,Restaurant,MEG RESTAURANT ENTERPRISES LTD,NOVITA,102 E 22ND STREET,NEW YORK,10010,New York
0340-22-108896,2026-09-18,2026-11-01,2028-10-31,Restaurant,LA 3 CORPORATION,LA PARMA III,410 MERRICK ROAD,OCEANSIDE,11572,Nassau
0340-22-110842,2026-09-18,2026-05-20,2028-04-30,Restaurant,SEQUOIA TREE LLC,LE MOULIN A CAFE,1439 YORK AVENUE,NEW YORK,10075,New York
0340-22-111572,2026-09-18,2026-10-01,2028-09-30,Restaurant,LOUISES KITCHEN LLC,PASTA LOUISE RESTAURANT,1114 1116 8TH AVE,BROOKLYN,11215,Kings
0340-22-111579,2026-09-18,2026-11-01,2028-10-31,Restaurant,HOME OF THE BRAVE LTD,EMBASSY DINER,4280 HEMPSTEAD TPKE,BETHPAGE,11714,Nassau
0340-22-111585,2026-09-18,2026-10-01,2028-09-30,Restaurant,DOPO BRIDGE LLC,DOPO IL PONTE,2402 MONTAUK HWY,BRIDGEHAMPTON,11932,Suffolk
0340-22-112844,2026-09-18,2026-09-18,2028-07-31,Restaurant,BROWNSTONES COFFEE LARKFIELD RD LLC,BROWNSTONES,361 LARKFIELD RD,EAST NORTHPORT,11731,Suffolk
0340-22-113048,2026-09-18,2026-10-01,2028-09-30,Restaurant,MKNH OF ISLIP INC,THE HARP AND HOUND,528-532 MAIN ST,ISLIP,11751,Suffolk
0340-22-113821,2026-09-18,2026-03-01,2028-02-29,Restaurant,TIN MARIN BAR & LOUNGE INC,TIN MARIN BAR & LOUNGE,3708 RIVERDALE AVE,BRONX,10463,Bronx
0340-22-115243,2026-09-18,2026-10-01,2028-09-30,Restaurant,790 MCLEAN AVE LLC,SAINTS & SCHOLARS,790 MCLEAN AVE,YONKERS,10704,Westchester
0340-22-204423,2026-09-18,2026-10-01,2028-09-30,Restaurant,CYNTHIA & PETER LLC,THE CHANNELSIDE,506 RIVERSIDE DR,CLAYTON,13624,Jefferson
0340-22-208962,2026-09-18,2026-10-01,2028-09-30,Restaurant,BARD & BAKER LLC,BARD & BAKER,501 BROADWAY,TROY,12180,Rensselaer
0340-22-209021,2026-09-18,2026-10-01,2028-09-30,Restaurant,PICO DE MAYO LLC,PICO DE GALLO,48 RIVERVIEW ST,STUYVESANT,12173,Columbia
0340-22-215008,2026-09-18,2026-10-01,2028-09-30,Restaurant,JONNY B'S LLC,JONNY B'S TAVERN,8345 NEW FLOYD RD,ROME,13440,Oneida
0340-22-314398,2026-09-18,2026-10-01,2028-09-30,Restaurant,"DAILY REFRESHER INC, THE",(2ND FLOOR MAIN BAR),293 ALEXANDER ST,ROCHESTER,14607,Monroe
0340-23-127055,2026-09-18,2025-07-01,2027-06-30,Restaurant,RAGUBOY CORP,SUPPER,156 EAST 2ND STREET,NEW YORK,10009,New York
0340-23-131833,2026-09-18,2025-05-01,2027-04-30,Restaurant,SBCPS LLC,SARABATH'S,40 CENTRAL PARK S,NEW YORK,10019,New York
0340-23-132126,2026-09-18,2025-10-01,2027-09-30,Restaurant,4716 ARDEN LLC,CANAVE,4714 4716 BROADWAY,NEW YORK,10040,New York
0340-24-131553,2026-09-18,2026-10-01,2028-09-30,Restaurant,West Side 2014 LLC,Canto UWS,2014 2016 Broadway,New York,10023,New York
0340-24-132010,2026-09-18,2026-10-01,2028-09-30,Restaurant,WALLABOUT ENTERTAINMENT LLC,PINKY SWEAR,167 171 CHRYSTIE ST,NEW YORK,10002,
0340-24-132010-01,2026-09-18,2026-10-01,2028-09-30,Additional Bar,WALLABOUT ENTERTAINMENT LLC,PINKY SWEAR,167 171 CHRYSTIE ST,NEW YORK,10002,New York
0340-24-134120,2026-09-18,2026-10-01,2028-09-30,Restaurant,VB PIER 16 LLC,Cobble Fish,89 South St,New York,10038,New York
0340-24-134515,2026-09-18,2026-10-01,2028-09-30,Restaurant,Sean Kim Corp,Mira Sushi,153-11 Union Tpke,Flushing,11367,Queens
0340-24-136003,2026-09-18,2026-11-01,2028-10-31,Restaurant,TORISHIKI USA CORP,Torien,292 Elizabeth St,New York,10012,New York
0340-24-232730,2026-09-18,2026-10-01,2028-09-30,Restaurant,PARRA'S CORP,PERU CUISINE BAR & GRILL2,10 IBM RD,POUGHKEEPSIE,12601,Dutchess
0340-24-233218,2026-09-18,2026-10-01,2028-09-30,Restaurant,Hari K LLC,Taj Fine Indian Cuisine and Bar,365 Feura Bush Rd,Glenmont,12077,Albany
0340-25-210748,2026-09-18,2025-05-19,2027-04-30,Restaurant,"Backdoor Bar & Grille, Inc.",,11 W Main St,Bainbridge,13733,Chenango
0340-26-155018,2026-09-18,2026-09-18,2027-10-31,Restaurant,CHUBBY SKEWER NYC 37TH ST LLC,Chubby Skewers,252 W 37th St #101,New York,10018,New York
0340-26-155068,2026-09-18,2026-09-18,2028-08-31,Restaurant,DunmoreEM Corp.,Evelyn,11 Hanover Sq,New York,10005,New York
0340-26-255054,2026-09-18,2026-09-18,2028-08-31,Restaurant,The Waterfront Dockside LLC,Waterfront Tavern,6 US Route 11,Central Square,13036,Oswego
0340-26-255089,2026-09-18,2026-09-18,2028-08-31,Restaurant,Julio's Inc.,El Jarocho II Mexican Rest and Bar,4648 Commercial Dr,New Hartford,13413,Oneida
0340-26-255152,2026-09-18,2026-09-18,2028-08-31,Restaurant,NORTHERN COMFORT HOSPITALITY GROUP LLC,Noco Joe's,5 Roundhouse Rd Unit 5 and 6,Piermont,10968,Rockland
0343-22-222020,2026-09-18,2026-11-01,2028-10-31,Hotel,GARNET HILL RESORT ASSOCIATES INC,GARNET HILL LODGE,39 GARNET HILL RD,NORTH RIVER,12856,Warren
0343-22-228542,2026-09-18,2024-10-01,2026-09-30,Hotel,"ROCKGATE MANAGEMENT COMPANY & CLIFTON PARK HOTEL ASSOCIATES, LLC","PARTNERS, LLC DBA: COURTYARD BY MARRIOT",627 PLANK RD,CLIFTON PARK,12065,Saratoga
0346-22-317763,2026-09-18,2026-09-18,2028-06-30,Catering Establishment,HAMBURG LAKESHORE,OVERSEAS VETERANS INC,2985 LAKEVIEW ROAD,HAMBURG,14075,Erie
0346-22-318110,2026-09-18,2026-10-01,2028-09-30,Catering Establishment,Town of Carlton No 1 Inc,TOWN OF CARLTON FIRE CO #1,1853 OAK ORCHARD RD,ALBION,14411,Orleans
0349-22-217858,2026-09-18,2026-10-01,2028-09-30,Club,ROBERT J. HYDON POST 239 AMERICAN LEGION,,3808 JORDAN RD,SKANEATELES,13152,Onondaga
0349-22-217957,2026-09-18,2026-10-01,2028-09-30,Club,LATVIAN AMERICAN DISABLED VETERANS INC,,82 ROTA RD,ELKA PARK,12427,Greene
0349-22-218059,2026-09-18,2026-10-01,2028-09-30,Club,BRANNEN VANDENBERG VFW POST,#8645 INC,101 ROUTE 208 SOUTH,NEW PALTZ,12561,Ulster
0349-22-218205,2026-09-18,2024-10-01,2026-09-30,Club,"ROME POLISH HOME, INC.",,415 S George St,Rome,13440,Oneida
0349-23-225730,2026-09-18,2026-10-01,2028-09-30,Club,"Cable Trail Post No. 8534, Veterans of Foreign Wars of the United States, Incorporated",VETERANS OF FOREIGN WARS INC,60 SALISBURY ST,LACONA,13083,Oswego
0370-23-129050,2026-09-18,2025-06-01,2027-05-31,Food & Beverage Business,BORN TO LOSE LLC,LISE & VITO,126A Nassau Ave,Brooklyn,11222,Kings
0370-23-159033,2026-09-18,2025-10-01,2027-09-30,Food & Beverage Business,GRANDE CAFFE INC,,63 NEW DORP PLAZA N,STATEN ISLAND,10306,Richmond
0370-23-365253,2026-09-18,2026-01-01,2027-12-31,Food & Beverage Business,M C'S DUGOUT SPORTS BAR & GRILL LLC,,1370 BUFFALO RD,ROCHESTER,14624,Monroe
0370-24-130935,2026-09-18,2026-11-01,2028-10-31,Food & Beverage Business,123 WEST 45TH REST CORP,THE PERFECT PINT,123 W 45TH ST,NEW YORK,10036,New York
0370-24-130935-01,2026-09-18,2026-11-01,2028-10-31,Additional Bar,123 WEST 45TH REST CORP,THE PERFECT PINT,123 W 45TH ST,NEW YORK,10036,New York
0370-24-225617,2026-09-18,2026-10-01,2028-09-30,Food & Beverage Business,J SAHANTADAM INC,THE RETREAT,302 VINE STREET,LIVERPOOL,13088,Onondaga
0370-24-225617-01,2026-09-18,2026-10-01,2028-09-30,Additional Bar,J SAHANTADAM INC,THE RETREAT,302 VINE STREET,LIVERPOOL,13088,Onondaga
0370-24-232437,2026-09-18,2026-11-01,2028-10-31,Food & Beverage Business,LEGNARD CURTIN POST 927 AMERICAN LEGION INC,,35 COHOES AVENUE,GREEN ISLAND,12183,Albany
0370-24-329392,2026-09-18,2026-10-01,2028-09-30,Food & Beverage Business,JAMES A MULLINS,PARTNERS,756 OLIVER ST,NORTH TONAWANDA,14120,Niagara
0370-25-223978,2026-09-18,2025-09-25,2027-08-31,Food & Beverage Business,Mornin Bite LLC,Off The Hook Tavern,3866 Rome Rd,Pulaski,13142,Oswego
0370-26-255038,2026-09-18,2026-09-18,2028-08-31,Food & Beverage Business,Deluca Holdings LLC,kloud city bar & lounge,23 W Main St,Middletown,10940,Orange
0370-26-255038-01,2026-09-18,2026-09-18,2028-08-31,Additional Bar,Deluca Holdings LLC,kloud city bar & lounge,23 W Main St,Middletown,10940,Orange
0370-26-355081,2026-09-18,2026-09-18,2028-06-30,Food & Beverage Business,MAVIC HOLDINGS II LLC,MARIO'S BISTRO AND BREWS,4211 N Buffalo St,Orchard Park,14127,Erie
0415-26-155151,2026-09-18,2026-09-18,2028-08-31,Bottle Club,Boots & Beer LLC,,89 North 6th St,BROOKLYN,11249,Kings
0423-22-104140,2026-09-18,2026-10-01,2028-09-30,Additional Bar,STAR DIAMOND OF INDIA LLC,,15 WEST 44TH ST,NEW YORK,10036,New York
0423-22-106414,2026-09-18,2026-11-01,2028-10-31,Additional Bar,DAVEY JONES LOCKER MANAGEMENT INC,ADDL BAR,10 BAYVILLE AVENUE,BAYVILLE,11709,Nassau
0423-22-206346,2026-09-18,2026-10-01,2028-09-30,Additional Bar,BRANNEN VANDENBERG VFW POST,#8645 INC,101 ROUTE 208 SOUTH,NEW PALTZ,12561,Ulster
0423-22-303343,2026-09-18,2026-10-01,2028-09-30,Additional Bar,"DAILY REFRESHER INC, THE",(1ST FLOOR ADD BAR),293 ALEXANDER ST,ROCHESTER,14607,Monroe
0425-26-155076,2026-09-18,2026-09-18,2027-08-31,For-profit Club,"CASA TUA NYC, LLC",Casa Tua,20 E 76th St - 2nd Floor,New York,10021,New York
0512-26-54773,2026-09-18,2026-09-17,2027-03-16,Manufacturer's Temporary,SPE Brewing LLC,,41 E Market St Unit 4,Rhinebeck,12572,Dutchess
0512-26-55162,2026-09-18,2026-09-18,2027-03-17,Manufacturer's Temporary,HUDSON VALLEY DISTILLERS LLC,,1727 Route 9,Germantown,12526,Columbia
0009-21-114849,2026-09-17,2025-01-01,2027-12-31,Wholesale Liquor,DIAGEO AMERICAS INC,,3 WORLD TRADE CENTER,NEW YORK,10007,New York
0032-22-101470,2026-09-17,2025-09-18,2028-08-31,Farm winery,MACARI VINEYARDS AND WINERY LTD.,,150 BERGEN AVENUE,MATTITUCK,11952,Suffolk
0036-23-225545,2026-09-17,2026-11-01,2029-10-31,Direct Shipper Wine,"The Mascot Wine, LLC",THE MASCOT,1551 OAKVILLE GRADE,OAKVILLE,94562,Napa
0056-23-203507,2026-09-17,2026-09-17,2028-12-31,Distiller Class D (Farm Distiller),RIVERMINT FARMS LLC,SKILLERS MOUNTAINTOP DISTILLERY,112 ROUTE 13A,LEXINGTON,12452,Greene
0071-23-130448,2026-09-17,2026-11-01,2029-10-31,Grocery Store,AABAN INC,LEGACY MARKET,39 LARKFIELD RD,EAST NORTHPORT,11731,Suffolk
0071-23-161822,2026-09-17,2026-11-01,2029-10-31,Grocery Store,LA CENIZA DELI GROCERY INC,,551 B COMMONWEALTH AVE,BRONX,10473,Bronx
0081-20-108738,2026-09-17,2026-10-01,2029-09-30,Grocery Store,MAPLE AVENUE MINIMARKET CORPORATION,,109 MAPLE AVE,PATCHOGUE,11772,Suffolk
0081-23-100659,2026-09-17,2026-09-17,2029-08-31,Grocery Store,79 GOURMET DELI INC,YORK DELI,1492 YORK AVE,NEW YORK,10075,New York
0081-23-103602,2026-09-17,2026-11-01,2029-10-31,Grocery Store,AASHI LLC,VISTA MARKET,469 SMITH RIDGE RD,S SALEM,10590,Westchester
0081-23-120689,2026-09-17,2026-10-01,2029-09-30,Grocery Store,5265 FOOD MARKET LLC,C TOWN,52-65 65TH PL,MASPETH,11378,Queens
0081-23-122478,2026-09-17,2026-11-01,2029-10-31,Grocery Store,GATEWAY SHOPRITE ASSOCIATES LLC,SHOPRITE OF GATEWAY CENTER,590 GATEWAY DR,BROOKLYN,11239,Kings
0081-23-157936,2026-09-17,2026-10-01,2029-09-30,Grocery Store,INWOOD MART INC,BOLLA MARKET,50 Sheridan Blvd,Inwood,11096,Nassau
0081-26-154921,2026-09-17,2026-09-17,2029-08-31,Grocery Store,Selectivez Food Corp.,,329A Wyckoff Ave,Ridgewood,11385,Queens
0100-20-204236,2026-09-17,2026-11-01,2029-10-31,Liquor Store,OHIOVILLE LIQUOR STORE OF ULSTER INC,OHIOVILLE LIQUOR STORE,501 MAIN STREET SUITE 4,NEW PALTZ,12561,Ulster
0100-23-123719,2026-09-17,2026-11-01,2029-10-31,Liquor Store,BEE WINES & LIQUORS INC,BEE WINE & LIQUORS,225 AVENUE B,NEW YORK,10009,New York
0100-23-125651,2026-09-17,2026-11-01,2029-10-31,Liquor Store,VILLAGE WINES & SPIRITS INC,VILLAGE WINE & SPIRIT SHOP,486A 6TH AVE,NEW YORK,10011,New York
0100-23-126439,2026-09-17,2026-11-01,2029-10-31,Liquor Store,BPR WINE & LIQUOR INC,MY FAVORITE WINE & LIQUOR,2790 LONG BEACH RD,OCEANSIDE,11572,Nassau
0100-23-226913,2026-09-17,2026-11-01,2029-10-31,Liquor Store,DONNA BESAW,MRS BEASLEYS LIQUOR & WINE,16 WILLIAM ST,GOUVERNEUR,13642,St Lawrence
0100-23-325653,2026-09-17,2026-11-01,2029-10-31,Liquor Store,AIRPORT DISCOUNT LIQUORS LLC,,4933 GENESEE ST,CHEEKTOWAGA,14225,Erie
0101-24-132887,2026-09-17,2026-10-01,2028-09-30,Off Premises Caterer Establishment,CORINNES CONCEPTS IN CATERING LTD,CORINNE'S CONCEPTS IN CATERING,845 E JERICHO TPKE,HUNTINGTON STA,11746,Suffolk
0240-22-102020,2026-09-17,2025-10-01,2027-09-30,Restaurant,110 ON LLC,Random Access,138 142 W 32ND ST,NEW YORK,10001,New York
0240-25-213247,2026-09-17,2025-06-10,2027-05-31,Restaurant,Loka Leaf Tea Lounge Inc,,76 Albany St,Cazenovia,13035,Madison
0240-26-154876,2026-09-17,2026-09-17,2028-08-31,Restaurant,Rinconcito Chapin Latino LLC,Rinconcito Chapin Latino,92 Purdy Ave,Port Chester,10573,Westchester
0240-26-154928,2026-09-17,2026-09-17,2028-08-31,Restaurant,86 Dynasty Inc,Lao Jie Hot Pot & BBQ,2314 86th Street,Brooklyn,11214,Kings
0240-26-154929,2026-09-17,2026-09-17,2028-08-31,Restaurant,Only 1 BBQ & Tea Inc.,Only One BBQ & Tea,16-201 Sanford Ave,Flushing,11358,Queens
0267-24-134613,2026-09-17,2026-10-01,2028-09-30,Food & Beverage Business,LITTLE FISH RESERVE LLC,ROSELLA BAR MILLER,620 E 6TH ST S-1,NEW YORK,10009,New York
0267-26-154960,2026-09-17,2026-09-17,2028-08-31,Food & Beverage Business,CAFE GALERIE GALERIE LLC,The Art Bar,168 Thompson St,New York,10012,New York
0340-22-103029,2026-09-17,2026-10-01,2028-09-30,Restaurant,SHERWOODS KEEP INC,SHERWOODS KEEP,205 CYPRESS AVE,RIDGEWOOD,11385,Queens
0340-22-103114,2026-09-17,2024-10-01,2026-09-30,Restaurant,TWENTY SEVEN RESTAURANT LLC,BAR GRAZIE,5070 SUNRISE HWY,MASSAPEQUA,11762,Nassau
0340-22-103468,2026-09-17,2026-10-01,2028-09-30,Restaurant,GARAGE ASTORIA LLC,THE BONNIE,29-12-14 23RD AVE,ASTORIA,11105,Queens
0340-22-103535,2026-09-17,2026-10-01,2028-09-30,Restaurant,MAISON HARLEM LLC,MAISON HARLEM,341 ST NICHOLAS AVE,NEW YORK,10027,New York
0340-22-104514,2026-09-17,2026-10-01,2028-09-30,Restaurant,CAMPANIA OF SI INC,CAMPANIA COAL FIRED PIZZA S.I.,3900 RICHMOND AVE,STATEN ISLAND,10312,Richmond
0340-22-111059,2026-09-17,2026-10-01,2028-09-30,Restaurant,CHELSEA MARKET DELI LLC,FRIEDMANS,75 9TH AVE,NEW YORK,10011,New York
0340-22-111715,2026-09-17,2026-10-01,2028-09-30,Restaurant,JK SQUARED LLC,LORE,441 7TH AVE,BROOKLYN,11215,Kings
0340-22-112828,2026-09-17,2026-10-01,2028-09-30,Restaurant,1629 2ND RESTAURANT LLC,ETHYL'S,1629 2ND AVE,NEW YORK,10028,New York
0340-22-113090,2026-09-17,2026-10-01,2028-09-30,Restaurant,BUTCHER KING INC,BUTCHER BAR SMOKE HOUSE,37-10 30TH AVE,ASTORIA,11103,Queens
0340-22-113680,2026-09-17,2026-08-01,2028-07-31,Restaurant,LEVY PREMIUM FOODSERVICE LP,FULL LIQUOR,USTA NATIONAL TENNIS CENTER,FLUSHING,11368,Queens
0340-22-114966,2026-09-17,2026-10-01,2028-09-30,Restaurant,CAMPANIA OF TOTTENVILLE INC,CAMPANIA COAL FIRED PIZZA,240 PAGE AVE,STATEN ISLAND,10307,Richmond
0340-22-115004,2026-09-17,2026-10-01,2028-09-30,Restaurant,OSTERIA POSITANO LLC,POSITANO,10018 4TH AVE,BROOKLYN,11209,Kings
0340-22-204571,2026-09-17,2026-03-01,2028-02-29,Restaurant,"PARISH INC, THE",THE PARISH,10 MAIN ST,NEW PALTZ,12561,Ulster
0340-22-210755,2026-09-17,2026-10-01,2028-09-30,Restaurant,DAVID A IULIANO,EDDIES RESTAURANT,68 NYS ROUTE 9N,TICONDEROGA,12883,Essex
0340-22-305237,2026-09-17,2026-10-01,2028-09-30,Restaurant,SIMPLY CREPES LLC,SIMPLY CREPES OF PITTSFORD,7 SCHOEN PL,PITTSFORD,14534,Monroe
0340-22-308607,2026-09-17,2026-10-01,2028-09-30,Restaurant,WINDJAMMERS OF CHARLOTTE INC,WINDJAMMERS,4695 LAKE AVENUE,ROCHESTER,14612,Monroe
0340-23-137525,2026-09-17,2026-10-01,2028-09-30,Restaurant,MOMO NB 3 LLC,MOMOFUKU NOODLE BAR/BANG BAR,10 COLUMBUS CIR,NEW YORK,10019,New York
0340-23-339115,2026-09-17,2026-10-01,2028-09-30,Restaurant,CULBERT'S PUB INC,,8735 BUFFALO AVE,NIAGARA FALLS,14304,Niagara
0340-23-339314,2026-09-17,2026-09-17,2027-02-28,Restaurant,SABRE AVALANCHE GROUP LLC,Pretty Vacant,173 ALLEN ST,BUFFALO,14201,Erie
0340-24-129299,2026-09-17,2026-10-01,2028-09-30,Restaurant,TK TRIBECA LLC,TARA KITCHEN,253 CHURCH ST,NEW YORK,10013,New York
0340-24-132077,2026-09-17,2026-10-01,2028-09-30,Restaurant,ROUTE BAR RESTAURANT CORP,,2026 Webster Ave,Bronx,10457,Bronx
0340-24-133854,2026-09-17,2026-10-01,2028-09-30,Restaurant,HAKU GROUP LLC,KEI,191 195 7TH AVE,NEW YORK,10011,New York
0340-25-202278,2026-09-17,2025-02-05,2027-01-31,Restaurant,Danny D'S LLC,,230 Route 209,Port Jervis,12771,Orange
0340-26-154841,2026-09-17,2026-09-17,2028-08-31,Restaurant,"OTG JFK T8 Venture, LLC",Bowery Meat Company,Terminal 8 B 12,Jamaica,11430,Queens
0340-26-154844,2026-09-17,2026-09-17,2028-08-31,Restaurant,Guisados Marias Corp.,Guisados Maria,1077 Flushing Ave,Brooklyn,11237,Kings
0340-26-154954,2026-09-17,2026-09-17,2028-08-31,Restaurant,TTR Enterprises Inc,The Barorganics,45A Atlantic Ave,Lynbrook,11563,Nassau
0340-26-154956,2026-09-17,2026-09-17,2028-08-31,Restaurant,"OTG JFK T5 Venture II, LLC",Nom Wah Bar,Terminal 5 Space 4NC,Jamaica,11430,Queens
0340-26-154966,2026-09-17,2026-09-17,2028-08-31,Restaurant,QINGYUN INC,Dong Bei Restaurant & Bar,367 W 36th St,New York,10018,New York
0340-26-254889,2026-09-17,2026-09-17,2028-08-31,Restaurant,16 CAROLINE HOSPITALITY LLC,Gaffney's Saratoga,16 Caroline St,Saratoga Springs,12866,Saratoga
0340-26-354878,2026-09-17,2026-09-17,2028-08-31,Restaurant,Amato Hospitality LLC,Main Dive,5 W Main St Ste 1,Webster,14580,Monroe
0343-22-126486,2026-09-17,2026-03-01,2028-02-29,Hotel,NOFO RND LLC,THE SHOALS,61600 MAIN RD,SOUTHOLD,11971,Suffolk
0343-22-127596,2026-09-17,2026-10-01,2028-09-30,Hotel,"RITZ CARLTON HOTEL COMPANY LLC, THE",THE RITZ CARLTON NEW YORK CENTRAL PARK,50 CENTRAL PARK SO,NEW YORK,10019,New York
0343-22-131306,2026-09-17,2024-12-01,2026-11-30,Hotel,"PENINSULA NEW YORK HOTEL LLC; PENINSULA OF NY, INC",THE PENINSULA HOTEL,700 5TH AVE,NEW YORK,10019,New York
0343-22-132499,2026-09-17,2024-11-01,2026-10-31,Hotel,HOTEL 39TH LLC AND 39TH ST F & B MANAGEMENT LLC,GRAYSON HOTEL,30 W 39TH ST,NEW YORK,10018,New York
0343-22-230663,2026-09-17,2026-10-01,2028-09-30,Hotel,TWENTY-SIX WEST GENESEE STREET CORP.,SHERWOOD INN,26 28 WEST GENESEE ST,SKANEATELES,13152,Onondaga
0346-24-133644,2026-09-17,2026-10-01,2028-09-30,Catering Establishment,Bon Appetit Management Co.,,350 5TH AVE,NEW YORK,10118,New York
0349-22-115708,2026-09-17,2026-10-01,2028-09-30,Club,CENTRO RECREATIVO PORTUGUES DE JAMAICA NY INC,,147-25 LIBERTY AVE,JAMAICA,11435,Queens
0349-22-317713,2026-09-17,2026-10-01,2028-09-30,Club,OLEAN VETS CLUB INC,OLEAN VETS CLUB,1238 ROCK CITY RD,OLEAN,14760,Cattaraugus
0349-22-317745,2026-09-17,2026-10-01,2028-09-30,Club,DUNKIRK MEMORIAL POST 62,THE AMERICAN LEGION,211-213 CENTRAL AVENUE,DUNKIRK,14048,Chautauqua
0349-22-318235,2026-09-17,2026-10-01,2028-09-30,Club,IRONDEQUOIT BAY FISH & GAME,CLUB INC,658 BAY FRONT LN S,ROCHESTER,14609,Monroe
0349-22-318421,2026-09-17,2026-10-01,2028-09-30,Club,CHARLOTTE SOCIAL CLUB INC,CHARLOTTE SOCIAL CLUB,429 RIVER STREET,ROCHESTER,14612,Monroe
0349-22-318422,2026-09-17,2026-10-01,2028-09-30,Club,WAR VETERANS RECREATION INC,,3431 FLUVANNA AVE,JAMESTOWN,14701,Chautauqua
0370-20-210005,2026-09-17,2026-10-01,2028-09-30,Food & Beverage Business,BEAR TRAP INC,BEAR TRAP,6453 NYS RTE 30,INDIAN LAKE,12842,Hamilton
0370-22-231016,2026-09-17,2026-10-01,2028-09-30,Food & Beverage Business,MEADS CORNERS TAVERN INC,MEAD'S TAVERN,2264 INDIAN FIELDS RD,FEURA BUSH,12067,Albany
0370-23-129275,2026-09-17,2025-03-01,2027-02-28,Food & Beverage Business,PARAISO BAR & LOUNGE INC,,184-11 JAMAICA AVE,JAMAICA,11423,Queens
0370-23-162933,2026-09-17,2025-12-01,2027-11-30,Food & Beverage Business,RHYMIN & THIEVIN LLC,THIEF,595 UNION AVE,BROOKLYN,11211,Kings
0370-24-104407,2026-09-17,2026-04-01,2028-03-31,Food & Beverage Business,SPRING LOUNGE LLC,,209 MULBERRY ST,NEW YORK,10012,New York
0370-24-124686,2026-09-17,2026-09-01,2028-08-31,Food & Beverage Business,BLUE ANGEL LOUNGE CORP,,112-51 ROOSEVELT AVE,CORONA,11368,Queens
0370-24-127904,2026-09-17,2026-10-01,2028-09-30,Food & Beverage Business,CASA EVENTS BAR LLC,,625 W 51ST ST,NEW YORK,10019,New York
0370-24-127926,2026-09-17,2026-10-01,2028-09-30,Food & Beverage Business,BOWL 360 INC,,98-18 ROCKAWAY BLVD,OZONE PARK,11417,Queens
0370-24-127926-01,2026-09-17,2026-10-01,2028-09-30,Additional Bar,BOWL 360 INC,,98-18 ROCKAWAY BLVD,OZONE PARK,11417,Queens
0370-24-230088,2026-09-17,2026-10-01,2028-09-30,Food & Beverage Business,L J P GROUP INC,ASTEROGA ALE HOUSE,122 W ALBANY ST,HERKIMER,13350,Herkimer
0370-24-231063,2026-09-17,2026-11-01,2028-10-31,Food & Beverage Business,LEWIS LANES LLC,LEWIS LANES,7828 STATE ROUTE 26,LOWVILLE,13367,Lewis
0370-24-329647-01,2026-09-17,2026-10-01,2028-09-30,Additional Bar,DA BADA INC,BADA BING,42 W CHIPPEWA ST,BUFFALO,14202,Erie
0370-25-210421,2026-09-17,2025-05-15,2027-04-30,Food & Beverage Business,DBH Binghamton LLC,,211 Henry St,Binghamton,13901,Broome
0370-26-354942,2026-09-17,2026-09-17,2028-08-31,Food & Beverage Business,Reserve at Larkin LLC,Reserve Steakhouse by Darian,701 Seneca St,Buffalo,14210,Erie
0371-26-154945,2026-09-17,2026-09-17,2026-10-31,Summer Food & beverage business,Loft 430 LLC,,430 Saint Marks Pl,Staten Island,10301,Richmond
0373-26-154907,2026-09-17,2026-09-17,2028-08-31,Legitimate theatre,"Sweet Hospitality Group, LLC & New York City Center, Inc.",New York City Center,131 W 55th Street,New York,10019,New York
0373-26-154907-01,2026-09-17,2026-09-17,2028-08-31,Additional bar- legitimate theater,"Sweet Hospitality Group, LLC & New York City Center, Inc.",New York City Center,131 W 55th Street,New York,10019,New York
0423-22-103158,2026-09-17,2026-10-01,2028-09-30,Additional Bar,GARAGE ASTORIA LLC,,29-12-14 23RD AVE,ASTORIA,11105,Queens
0423-22-105839,2026-09-17,2026-10-01,2028-09-30,Additional Bar,"RITZ CARLTON HOTEL COMPANY LLC, THE",,50 CENTRAL PARK SO,NEW YORK,10019,New York
0423-22-209787,2026-09-17,2026-10-01,2028-09-30,Additional Bar,TWENTY-SIX WEST GENESEE STREET CORP.,SHERWOOD INN,26 28 WEST GENESEE ST,SKANEATELES,13152,Onondaga
0423-22-306970,2026-09-17,2026-10-01,2028-09-30,Additional Bar,WAR VETERANS RECREATION INC,,3431 FLUVANNA AVE,JAMESTOWN,14701,Chautauqua
0423-26-254887,2026-09-17,2026-09-17,2028-08-31,Additional Bar,16 CAROLINE HOSPITALITY LLC,Gaffney's Saratoga,16 Caroline St,Saratoga Springs,12866,Saratoga
0423-26-254888,2026-09-17,2026-09-17,2028-08-31,Additional Bar,16 CAROLINE HOSPITALITY LLC,Gaffney's Saratoga,16 Caroline St,Saratoga Springs,12866,Saratoga
0512-26-54875,2026-09-17,2026-09-17,2027-03-16,Manufacturer's Temporary,"SILVER HORNS BREWING COMPANY, LLC",SILVER HORNS BREWING COMPANY,1875 Route 6 Unit 111K,Carmel,10512,Putnam
0009-20-104235,2026-09-16,2023-12-01,2026-11-30,Wholesale Liquor,PERNOD RICARD USA LLC,,2 Penn Plz,New York,10121,New York
0032-20-200341,2026-09-16,2026-11-01,2029-10-31,Farm winery,KELLOGGSVILLE FARM CIDERY LLC,KELLOGGSVILLE FARM WINERY,3453 WHITE RD,MORAVIA,13118,Cayuga
0032-23-140834,2026-09-16,2026-10-01,2029-09-30,Farm winery,CARPE VINO LLC,CARPE VINO,35 COX NECK RD,MATTITUCK,11952,Suffolk
0036-23-224269,2026-09-16,2026-10-01,2029-09-30,Direct Shipper Wine,SWIRLING HAWK VINEYARDS LLC,SWIRLING HAWK VINEYARDS,11721 HIDDEN VALLEY RD,CARMEL VALLEY,93924,Monterey
0036-23-225554,2026-09-16,2026-11-01,2029-10-31,Direct Shipper Wine,MAYACAMA FARMS LLC,BOICH FAMILY CELLAR,3524 SILVERADO TRAIL N,SAINT HELENA,94574,Napa
0036-23-262379,2026-09-16,2026-11-01,2029-10-31,Direct Shipper Wine,FN Cellars LLC,EnRoute,27000 RAMAL RD,SONOMA,95476,Sonoma
0071-23-135507,2026-09-16,2026-10-01,2029-09-30,Grocery Store,165TH &Anderson Superette Inc,,64 W 165TH ST,BRONX,10452,Bronx
0081-20-108905,2026-09-16,2026-09-16,2029-06-30,Grocery Store,MOM AND POP'S ORGANICS MARKET INC,,889 MANHATTAN AVE,BROOKLYN,11222,Kings
0081-21-101751,2026-09-16,2025-02-01,2028-01-31,Grocery Store,SAVITA03 INC,7 ELEVEN STORE #32757C,128 E MAIN ST,HUNTINGTON,11743,Suffolk
0081-23-103613,2026-09-16,2026-10-01,2029-09-30,Grocery Store,CARILUIS CORP,,144-18 ROCKAWAY BLVD,JAMAICA,11436,Queens
0081-23-109440,2026-09-16,2026-10-01,2029-09-30,Grocery Store,COLMADO MINAYA CORP,,676 MILLER AVE,BROOKLYN,11207,Kings
0081-23-112409,2026-09-16,2026-10-01,2029-09-30,Grocery Store,CONFE PARK DELI GROCERY CORP,,4666 PARK AVE,BRONX,10458,Bronx
0081-23-115779,2026-09-16,2026-10-01,2029-09-30,Grocery Store,12 E 196TH STREET FOOD INC,,12 E 196TH ST,BRONX,10468,Bronx
0081-23-121936,2026-09-16,2026-10-01,2029-09-30,Grocery Store,GR 109 GROCERY CORP,PIONEER SUPERMARKET,102-09 NORTHERN BLVD,CORONA,11368,Queens
0081-23-122241,2026-09-16,2026-10-01,2029-09-30,Grocery Store,VRI GROUP INC,,26 27 COLLEGE POINT BLVD,FLUSHING,11354,Queens
0081-23-200165,2026-09-16,2026-10-01,2029-09-30,Grocery Store,MARTIN'S FOODS OF SOUTH BURLINGTON LLC,HANNAFORD SUPERMARKET & PHARMACY #8393,5239 WESTERN TURNPIKE,GUILDERLAND,12009,Albany
0081-23-202382,2026-09-16,2026-10-01,2029-09-30,Grocery Store,MARTIN'S FOODS OF SOUTH BURLINGTON LLC,HANNAFORD SUPERMARKET PHARMACY #8267,43 ROUND LAKE RD,BALLSTON LAKE,12019,Saratoga
0081-23-202596,2026-09-16,2026-10-01,2029-09-30,Grocery Store,MARTIN'S FOODS OF SOUTH BURLINGTON LLC,HANNAFORD SUPERMARKET #8444,295 STATE RTE 375,WEST HURLEY,12491,Ulster
0081-23-203076,2026-09-16,2026-10-01,2029-09-30,Grocery Store,FISHKILL VALERO INC,,909 RTE 52,FISHKILL,12524,Dutchess
0081-23-203181,2026-09-16,2026-10-01,2029-09-30,Grocery Store,MARTIN'S FOODS OF SOUTH BURLINGTON LLC,HANNAFORD SUPERMARKET PHARMACY #8416,32 STATE ROUTE 82,HUDSON,12534,Columbia
0081-23-203230,2026-09-16,2026-10-01,2029-09-30,Grocery Store,MARTIN'S FOODS OF SOUTH BURLINGTON LLC,HANNAFORD SUPERMARKET & PHARMACY #8415,223 MAIN ST,CAIRO,12413,Greene
0081-23-203664,2026-09-16,2026-10-01,2029-09-30,Grocery Store,MARTIN'S FOODS OF SOUTH BURLINGTON LLC,HANNAFORD SUPERMARKET & PHARMACY #8449,808 W CHESTNUT ST,ROME,13440,Oneida
0081-23-203760,2026-09-16,2026-10-01,2029-09-30,Grocery Store,ROME ROAD PROPERTIES INC,ALTMAR UNION STATION,538 S ALBION RD,ALTMAR,13302,Oswego
0081-23-206820,2026-09-16,2026-10-01,2029-09-30,Grocery Store,MARTIN'S FOODS OF SOUTH BURLINGTON LLC,HANNAFORD FOOD & PHARMACY#8450,9 LORD AVE,BRUNSWICK,12180,Rensselaer
0081-23-208166,2026-09-16,2026-10-01,2029-09-30,Grocery Store,MARTIN'S FOODS OF SOUTH BURLINGTON LLC,HANNAFORD FOOD & DRUG #8341,3650 ROUTE 9W,HIGHLAND,12528,Ulster
0081-23-211986,2026-09-16,2026-10-01,2029-09-30,Grocery Store,MARTIN'S FOODS OF SOUTH BURLINGTON LLC,HANNAFORD SUPERMARKET & PHARMACY #8348,1261 ULSTER AVENUE,KINGSTON,12401,Ulster
0081-23-212207,2026-09-16,2026-10-01,2029-09-30,Grocery Store,MARTIN'S FOODS OF SOUTH BURLINGTON LLC,HANNAFORD SUPERMARKET & PHARMACY #8394,11 TRIEBLE AVE,BALLSTON SPA,12020,Saratoga
0081-23-212433,2026-09-16,2026-10-01,2029-09-30,Grocery Store,MARTIN'S FOODS OF SOUTH BURLINGTON LLC,HANNAFORD SUPERMARKET #8361,592-600 COLUMBIA TURNPIKE,EAST GREENBUSH,12061,Rensselaer
0081-23-212467,2026-09-16,2026-10-01,2029-09-30,Grocery Store,MARTIN'S FOODS OF SOUTH BURLINGTON LLC,HANNAFORD SUPERMARKET & PHARMACY #8392,40 MAIN AVENUE,WYNANTSKILL,12198,Rensselaer
0081-23-212481,2026-09-16,2026-10-01,2029-09-30,Grocery Store,MARTIN'S FOODS OF SOUTH BURLINGTON LLC,HANNAFORD SUPERMARKET & PHARMACY #8396,3333 CONSAUL ROAD,NISKAYUNA,12309,Schenectady
0081-23-212495,2026-09-16,2026-10-01,2029-09-30,Grocery Store,MARTIN'S FOODS OF SOUTH BURLINGTON LLC,HANNAFORD SUPERMARKET & PHARMACY #8391,95 WEIBEL AVE,SARATOGA SPRINGS,12866,Saratoga
0081-23-212693,2026-09-16,2026-10-01,2029-09-30,Grocery Store,MARTIN'S FOODS OF SOUTH BURLINGTON LLC,HANNAFORD FOOD & DRUG #8363,115 HANNAFORD PLAZA,AMSTERDAM,12010,Montgomery
0081-23-212724,2026-09-16,2026-10-01,2029-09-30,Grocery Store,MARTIN'S FOODS OF SOUTH BURLINGTON LLC,HANNAFORD SUPERMARKET & PHARMACY #8366,401 E ALBANY ST,HERKIMER,13350,Herkimer
0081-23-212846,2026-09-16,2026-10-01,2029-09-30,Grocery Store,MARTIN'S FOODS OF SOUTH BURLINGTON LLC,HANNAFORD SUPERMARKET & PHARMACY #8447,3 VIA ROSSI WAY,BALLSTON SPA,12020,Saratoga
0081-23-216005,2026-09-16,2026-10-01,2029-09-30,Grocery Store,MARTIN'S FOODS OF SOUTH BURLINGTON LLC,HANNAFORD SUPERMARKET & PHARMACY #8375,35 HANNAFORD DRIVE,RED HOOK,12571,Dutchess
0081-23-216006,2026-09-16,2026-10-01,2029-09-30,Grocery Store,MARTIN'S FOODS OF SOUTH BURLINGTON LLC,HANNAFORD FOOD & DRUG #8377,235 FIFTH AVE EXT,GLOVERSVILLE,12078,Fulton
0081-23-216027,2026-09-16,2026-10-01,2029-09-30,Grocery Store,MARTIN'S FOODS OF SOUTH BURLINGTON LLC,HANNAFORD FOOD & DRUG #8331,2636 ROUTE 32,NEW WINDSOR,12553,Orange
0081-23-216038,2026-09-16,2026-10-01,2029-09-30,Grocery Store,MARTIN'S FOODS OF SOUTH BURLINGTON LLC,HANNAFORD SUPERMARKET & PHARMACY #8344,31 TED DRIVE,PINE BUSH,12566,Orange
0081-23-216144,2026-09-16,2026-10-01,2029-09-30,Grocery Store,MARTIN'S FOODS OF SOUTH BURLINGTON LLC,HANNAFORD SUPERMARKET #8175,21110 NYS ROUTE 3,WATERTOWN,13601,Jefferson
0081-23-216904,2026-09-16,2026-10-01,2029-09-30,Grocery Store,MARTIN'S FOODS OF SOUTH BURLINGTON LLC,HANNAFORD SUPERMARKET & PHARMACY #8386,579 TROY SCHENECTADY ROAD,LATHAM,12110,Albany
0081-23-219716,2026-09-16,2026-10-01,2029-09-30,Grocery Store,MARTIN'S FOODS OF SOUTH BURLINGTON LLC,HANNAFORD SUPERMARKET & PHARMACY #8166,7 PYRAMID DRIVE,PLATTSBURGH,12901,Clinton
0081-23-219864,2026-09-16,2026-10-01,2029-09-30,Grocery Store,MARTIN'S FOODS OF SOUTH BURLINGTON LLC,HANNAFORD FOOD & DRUG #8335,162 ROUTE 22,PAWLING,12564,Dutchess
0081-23-219978,2026-09-16,2026-10-01,2029-09-30,Grocery Store,MARTIN'S FOODS OF SOUTH BURLINGTON LLC,HANNAFORD SUPERMARKET & PHARMACY # 8380,27-41 GANSEVOORT RD,SOUTH GLENS FALLS,12803,Saratoga
0081-23-219998,2026-09-16,2026-10-01,2029-09-30,Grocery Store,MARTIN'S FOODS OF SOUTH BURLINGTON LLC,HANNAFORD SUPERMARKET & PHARMACY #8360,190 QUAKER ROAD,QUEENSBURY,12804,Warren
0081-23-219999,2026-09-16,2026-10-01,2029-09-30,Grocery Store,MARTIN'S FOODS OF SOUTH BURLINGTON LLC,HANNAFORD FOOD & DRUG #8374,175 BROAD STREET,GLENS FALLS,12801,Warren
0081-23-220000,2026-09-16,2026-10-01,2029-09-30,Grocery Store,MARTIN'S FOODS OF SOUTH BURLINGTON LLC,HANNAFORD SUPERMARKET & PHARMACY #8376,262 SARATOGA ROAD ROUTE 50,GLENVILLE,12302,Schenectady
0081-23-220001,2026-09-16,2026-10-01,2029-09-30,Grocery Store,MARTIN'S FOODS OF SOUTH BURLINGTON LLC,HANNAFORD FOOD & DRUG #8320,1400 ALTAMONT AVENUE,SCHENECTADY,12303,Schenectady
0081-23-220041,2026-09-16,2026-10-01,2029-09-30,Grocery Store,MARTIN'S FOODS OF SOUTH BURLINGTON LLC,HANNAFORD SUPERMARKET & PHARMACY #8367,900 CENTRAL AVENUE,ALBANY,12206,Albany
0081-23-220083,2026-09-16,2026-10-01,2029-09-30,Grocery Store,MARTIN'S FOODS OF SOUTH BURLINGTON LLC,HANNAFORD SUPERMARKET #8313,55 MEADOW STREET,CLINTON,13323,Oneida
0081-23-220086,2026-09-16,2026-10-01,2029-09-30,Grocery Store,MARTIN'S FOODS OF SOUTH BURLINGTON LLC,HANNAFORD SUPERMARKET & PHARMACY #8362,96 WOLF ROAD,COLONIE,12205,Albany
0081-23-220093,2026-09-16,2026-10-01,2029-09-30,Grocery Store,MARTIN'S FOODS OF SOUTH BURLINGTON LLC,HANNAFORD SUPERMARKET & PHARMACY #8372,1122 MOHAWK STREET,UTICA,13501,Oneida
0081-23-220118,2026-09-16,2026-10-01,2029-09-30,Grocery Store,MARTIN'S FOODS OF SOUTH BURLINGTON LLC,HANNAFORD SUPERMARKET & PHARMACY #8336,NINE 126TH STREET,TROY,12182,Rensselaer
0081-23-220153,2026-09-16,2026-10-01,2029-09-30,Grocery Store,MARTIN'S FOODS OF SOUTH BURLINGTON LLC,HANNAFORD SUPERMARKET & PHARMACY #8365,19 CLIFTON COUNTRY RD STE 16,CLIFTON PARK,12065,Saratoga
0081-23-220171,2026-09-16,2026-10-01,2029-09-30,Grocery Store,MARTIN'S FOODS OF SOUTH BURLINGTON LLC,HANNAFORD SUPERMARKET & PHARMACY #8328,705 STATE HIGHWAY 28,ONEONTA,13820,Otsego
0081-23-220183,2026-09-16,2026-10-01,2029-09-30,Grocery Store,MARTIN'S FOODS OF SOUTH BURLINGTON LLC,HANNAFORD SUPERMARKET & PHARMACY #8168,4593 COMMERCIAL DRIVE,NEW HARTFORD,13413,Oneida
0081-23-220289,2026-09-16,2026-10-01,2029-09-30,Grocery Store,MARTIN'S FOODS OF SOUTH BURLINGTON LLC,HANNAFORD SUPERMARKET #8370,50 KELLOGG ROAD,NEW HARTFORD,13413,Oneida
0081-23-221044,2026-09-16,2026-10-01,2029-09-30,Grocery Store,MARTIN'S FOODS OF SOUTH BURLINGTON LLC,HANNAFORD SUPERMARKET & PHARMACY #8337,30 TOWER DRIVE,MIDDLETOWN,10941,Orange
0081-23-221054,2026-09-16,2026-10-01,2029-09-30,Grocery Store,MARTIN'S FOODS OF SOUTH BURLINGTON LLC,HANNAFORD FOOD & DRUG #8333,1165 ROUTE 29,GREENWICH,12834,Washington
0081-23-221824,2026-09-16,2026-10-01,2029-09-30,Grocery Store,MARTIN'S FOODS OF SOUTH BURLINGTON LLC,HANNAFORD SUPERMARKET & PHARMACY #8340,100 PLAZA ROAD,KINGSTON,12401,Ulster
0081-23-222139,2026-09-16,2026-10-01,2029-09-30,Grocery Store,MARTIN'S FOODS OF SOUTH BURLINGTON LLC,HANNAFORD SUPERMARKET & PHARMACY #8395,3758 BURGOYNE AVENUE,HUDSON FALLS,12839,Washington
0081-23-222152,2026-09-16,2026-10-01,2029-09-30,Grocery Store,MARTIN'S FOODS OF SOUTH BURLINGTON LLC,HANNAFORD SUPERMARKET & PHARMACY #8413,45 HADJIS WAY SUITE 6,LAKE PLACID,12946,Essex
0081-23-222324,2026-09-16,2026-10-01,2029-09-30,Grocery Store,MARTIN'S FOODS OF SOUTH BURLINGTON LLC,HANNAFORD SUPERMARKET & PHARMACY #8233,5 MAPLE ROAD,VOORHEESVILLE,12186,Albany
0081-23-222333,2026-09-16,2026-10-01,2029-09-30,Grocery Store,MARTIN'S FOODS OF SOUTH BURLINGTON LLC,HANNAFORD SUPERMARKET & PHARMACY #8346,2066 ROUTE 32,MODENA,12548,Ulster
0081-23-222369,2026-09-16,2026-10-01,2029-09-30,Grocery Store,MARTIN'S FOODS OF SOUTH BURLINGTON LLC,HANNAFORD SUPERMARKET & PHARMACY #8236,RTE 43 & 150,WEST SAND LAKE,12196,Rensselaer
0081-23-222484,2026-09-16,2026-10-01,2029-09-30,Grocery Store,MARTIN'S FOODS OF SOUTH BURLINGTON LLC,HANNAFORD SUPERMARKET & PHARMACY #8427,78 OAK ST,WALDEN,12586,Albany
0081-23-222658,2026-09-16,2026-10-01,2029-09-30,Grocery Store,MARTIN'S FOODS OF SOUTH BURLINGTON LLC,HANNAFORD SUPERMARKET & PHARMACY #8255,11140 WESTERN TURNPIKE,ESPERANCE,12066,Schenectady
0081-23-222731,2026-09-16,2026-10-01,2029-09-30,Grocery Store,MARTIN'S FOODS OF SOUTH BURLINGTON LLC,HANNAFORD FOOD & DRUG #8364,2967 ROUTE 9 SUITE 400,VALATIE,12184,Columbia
0081-23-222906,2026-09-16,2026-10-01,2029-09-30,Grocery Store,MARTIN'S FOODS OF SOUTH BURLINGTON LLC,HANNAFORD SUPERMARKET & PHARMACY #8334,1490 ROUTE 9,WAPPINGERS FALLS,12590,Dutchess
0081-23-222909,2026-09-16,2026-10-01,2029-09-30,Grocery Store,MARTIN'S FOODS OF SOUTH BURLINGTON LLC,HANNAFORD SUPERMARKET & PHARMACY #8339,180 DELAWARE AVE,DELMAR,12054,Albany
0081-23-311908,2026-09-16,2026-10-01,2029-09-30,Grocery Store,BEER N MORE INC,,202 GRAND AVE,ROCHESTER,14609,Monroe
0081-26-154824,2026-09-16,2026-09-16,2029-08-31,Grocery Store,Shastriji 788 Inc,7 Eleven Store #35691B,788 Middle Neck Rd,Great Neck,11024,Nassau
0100-20-204152,2026-09-16,2026-11-01,2029-10-31,Liquor Store,HOOSAC HOLDINGS INC,HOOSAC PACKAGE,2 River St,Hoosick Falls,12090,Rensselaer
0100-21-215693,2026-09-16,2024-06-01,2027-05-31,Liquor Store,HOUSE OF WINE & LIQUORS INC,KENT LIQUORS,1100 ROUTE 52,CARMEL,10512,Putnam
0100-23-124826,2026-09-16,2026-11-01,2029-10-31,Liquor Store,SUHAG LIQUOR & WINE INC,,69 30 MAIN ST,FLUSHING,11367,Queens
0100-23-124907,2026-09-16,2026-10-01,2029-09-30,Liquor Store,"ALOHA FINE WINES & SPIRITS, INC",,333 2ND AVENUE,NEW YORK,10003,New York
0100-23-126910,2026-09-16,2026-10-01,2029-09-30,Liquor Store,LE GARREC NYC LLC,EMPIRE STATE OF WINE,61 W 23RD ST,NEW YORK,10010,New York
0100-23-126977,2026-09-16,2026-10-01,2029-09-30,Liquor Store,KASCO WINE & SPIRITS LTD,CHAPPAQUA WINE & SPIRIT CO,65 KING ST,CHAPPAQUA,10514,Westchester
0100-23-226481,2026-09-16,2026-09-16,2029-08-31,Liquor Store,CHARLES A MERRITT & GEORGIANNA M MERRITT,SURE SHOT WINE AND LIQUOR,44 NYS ROUTE 9N SUITE 1,TICONDEROGA,12883,Essex
0100-23-326537,2026-09-16,2026-10-01,2029-09-30,Liquor Store,KONSTANTINOUS LIQUOR LLC,,2024 STATE ROUTE 104,ONTARIO,14519,Wayne
0100-26-254787,2026-09-16,2026-09-16,2029-08-31,Liquor Store,Cuvee Wines and Spirits Corp.,CUVEE.WINE; SHABBOS.WINE,6 & 7 Spring Valley Market Pl,Spring Valley,10977,Rockland
0240-22-102748,2026-09-16,2026-10-01,2028-09-30,Restaurant,PURPLE RICE INC,CUCUMBER SUSHI & SALAD BAR,5834 AMBOY RD,STATEN ISLAND,10309,Richmond
0240-24-137393,2026-09-16,2026-11-01,2028-10-31,Restaurant,La Taqueria Express Corp,,916 Hempstead Tpke,Franklin Square,11010,Nassau
0240-24-235672,2026-09-16,2026-11-01,2028-10-31,Restaurant,Oriental Star & H Inc.,Oriental Star,210 W Genesee St,Fayetteville,13066,Onondaga
0240-26-154734,2026-09-16,2026-09-16,2028-08-31,Restaurant,SHAKE SHACK NEW YORK LLC,Shake Shack,5801 Sunrise Hwy Ste 220,Holbrook,11741,Suffolk
0240-26-254778,2026-09-16,2026-09-16,2028-08-31,Restaurant,EJG 17 LLC,YUMMY KITCHEN,359 Columbia St,Hudson,12534,Columbia
0267-22-204986,2026-09-16,2026-10-01,2028-09-30,Food & Beverage Business,FAMILY FUN FACTORY OF CNY LLC,THE FAMILY FUN FACTORY,28 NEW HARTFORD,NEW HARTFORD,13413,Oneida
0267-24-131506,2026-09-16,2026-10-01,2028-09-30,Food & Beverage Business,Sipsteria LLC,Sipsteria,1264 Amsterdam Ave,New York,10027,New York
0267-24-332450,2026-09-16,2026-10-01,2028-09-30,Food & Beverage Business,ADVANCED PRODUCTION GROUP LLC,VAN BUREN DRIVE IN THEATER & ACTIVITIES CENTER,5349 VAN BUREN RD,DUNKIRK,14048,Chautauqua
0267-24-334493,2026-09-16,2026-10-01,2028-09-30,Food & Beverage Business,Overtime Eats and Drink LLC,,1460 E Henrietta Rd,Henrietta,14623,Monroe
0340-22-103510,2026-09-16,2026-11-01,2028-10-31,Restaurant,TRE MONELLI LLC,DA CLAUDIO,21 ANN ST,NEW YORK,10038,New York
0340-22-103546,2026-09-16,2026-02-01,2028-01-31,Restaurant,COLIEMORE INC,Cafe Maud,1640 2nd Ave,New York,10028,New York
0340-22-105011,2026-09-16,2026-10-01,2028-09-30,Restaurant,ASIA FIVE EIGHT LLC,,42 44 EAST 58TH STREET,NEW YORK,10022,New York
0340-22-105345,2026-09-16,2026-10-01,2028-09-30,Restaurant,DOPO SOUTH LLC,DOPO ARGENTO,15 MAIN ST,SOUTHAMPTON,11986,Suffolk
0340-22-106017,2026-09-16,2026-10-01,2028-09-30,Restaurant,"LA PLACE, INC.",GOSSIPS RESTAURANT & CIGAR BAR,602 Broadhollow Rd,Melville,11747,Suffolk
0340-22-106069,2026-09-16,2026-11-01,2028-10-31,Restaurant,APPLE FOOD SERVICE OF SUFFOLK LLC,APPLEBEE'S NEIGHBORHOOD GRILL & BAR,NY 25A,MILLER PLACE,11764,Suffolk
0340-22-106904,2026-09-16,2026-10-01,2028-09-30,Restaurant,MILOS INC,ESTIATORIO MILOS,125 W 55TH STREET,NEW YORK,10019,New York
0340-22-110217,2026-09-16,2026-10-01,2028-09-30,Restaurant,BS PINE LLC,COLETTA,365 3RD AVE,NEW YORK,10016,New York
0340-22-110440,2026-09-16,2026-11-01,2028-10-31,Restaurant,133 Greenwich LLC,,133 GREENWICH ST,NEW YORK,10006,New York
0340-22-113891,2026-09-16,2026-10-01,2028-09-30,Restaurant,BARCA SI LLC,PASTAVINO,44 NAVY PIER CT,STAPLETON,10304,Richmond
0340-22-114853,2026-09-16,2026-10-01,2028-09-30,Restaurant,AZTECA ON MAIN STREET LLC,AZTECA,125 E MAIN ST,MOUNT KISCO,10549,Westchester
0340-22-204276,2026-09-16,2026-11-01,2028-10-31,Restaurant,WILD HORSE BAR AND GRILL LLC,WILD HORSE BAR AND GRILL,720 COUNTY RTE 37,CENTRAL SQUARE,13036,Oswego
0340-22-205018,2026-09-16,2026-11-01,2028-10-31,Restaurant,MICHELANGELOS PIZZERIA & REST OF BINGHAMTON NY LLC,,465-465 1/2 COURT STREET,BINGHAMTON,13904,Broome
0340-22-208283,2026-09-16,2026-09-16,2028-06-30,Restaurant,SVG 26 LLC,RAIN DOGS RESTAURANT AND GRILL,2037 RTE 17B,BETHEL,12720,Sullivan
0340-22-210721,2026-09-16,2026-10-01,2028-09-30,Restaurant,DEACON BLUES INC,,806 25TH STREET,WATERVLIET,12189,Albany
0340-22-304945,2026-09-16,2026-10-01,2028-09-30,Restaurant,"SIMPLY CREPES OF CANANDAIGUA, LLC",SIMPLY CREPES CAFE,101 S MAIN ST,CANANDAIGUA,14424,Ontario
0340-23-130384,2026-09-16,2026-10-01,2028-09-30,Restaurant,MHF SURF LLC,TACO BELL,1047 SURF AVE,BROOKLYN,11224,Kings
0340-24-116187,2026-09-16,2026-09-15,2028-08-31,Restaurant,BITCOIN NEW YORK STEAKHOUSE INC,BITCOIN NEW YORK,3775 203rd st,NEW YORK,10034,New York
0340-24-127507,2026-09-16,2026-09-01,2028-08-31,Restaurant,Banshee Two Corp.,Daisy's Nashville Lounge,275 Route 25A,Miller Place,11764,Suffolk
0340-24-131023,2026-09-16,2026-10-01,2028-09-30,Restaurant,BS Mulberry LLC,Sentir,37 W 19th St,New York,10011,New York
0340-24-131675,2026-09-16,2026-10-01,2028-09-30,Restaurant,FEICHANGCHENGGONG INC,Wonderland Bar,96 2nd Ave,New York,10003,New York
0340-24-136386,2026-09-16,2026-11-01,2028-10-31,Restaurant,Doherty Apple New Rochelle LLC,Applebee's Neighborhood Grill & Bar,25 Lecount Pl,New Rochelle,10801,Westchester
0340-24-233866,2026-09-16,2026-10-01,2028-09-30,Restaurant,Castaway on the Bay LLC,,214 Bouchard Dr,Plattsburgh,12901,Clinton
0340-24-322919,2026-09-16,2026-09-16,2028-06-30,Restaurant,SYNFA LLC,The Elephant Victor,54 W Main St,Victor,14564,Ontario
0340-26-154776,2026-09-16,2026-09-16,2028-08-31,Restaurant,Bath Avenue Caffe LLC,,1560 Bath Ave,Brooklyn,11228,Kings
0340-26-154779,2026-09-16,2026-09-16,2027-02-28,Restaurant,AANCH Inc,AANCH,83-47 258th St,Floral Park,11004,Queens
0340-26-154813,2026-09-16,2026-09-16,2028-08-31,Restaurant,LNB 2670 LLC,Chronos,2670 Coney Island Ave,Brooklyn,11235,Kings
0340-26-154817,2026-09-16,2026-09-16,2028-08-31,Restaurant,2418 Water & Wheat LLC,Water & Wheat,2418 Broadway,New York,10024,New York
0340-26-354743,2026-09-16,2026-09-16,2028-08-31,Restaurant,Hilton's Pizza Princess LLC,Salvatore's Old Fashioned Pizzeria,75 Lake Ave,Hilton,14468,Monroe
0340-26-354743-01,2026-09-16,2026-09-16,2028-08-31,Additional Bar,Hilton's Pizza Princess LLC,Salvatores's Old Fashioned Pizzeria,75 Lake Ave,Hilton,14468,Monroe
0343-22-118778,2026-09-16,2026-10-01,2028-09-30,Hotel,"BOWERY STREET ASSOCIATES LLC, BOWERY STREET TRS LLC & LOWER EAST SIDE HOSPITALITY LLC as mgr",,141 151 BOWERY,NEW YORK,10002,
0343-22-130997,2026-09-16,2026-10-01,2028-09-30,Hotel,"WESTERN HOST, INC. & DREAM TEAM HOTEL ASSOCIATES, LLC",,270 W 43RD STREET,NEW YORK,10036,New York
0343-26-154822,2026-09-16,2026-09-16,2028-08-31,Hotel,Capri Hamptons LLC and Maison Close SH LLC,Capri Southampton,281 County Road 39A,Southampton,11968,Suffolk
0343-26-154822-01,2026-09-16,2026-09-16,2028-08-31,Additional Bar,Capri Hamptons LLC and Maison Close SH LLC,Maison Close Southampton,281 County Road 39A,Southampton,11968,Suffolk
0349-22-216813,2026-09-16,2026-11-01,2028-10-31,Club,AMVETS POST 384 INC,,2147 WHITESBORO ST,UTICA,13502,Oneida
0349-22-217468,2026-09-16,2026-10-01,2028-09-30,Club,MASSENA LODGE 1702 BPO ELKS OF USA INC,BPO ELKS 1702 MASSENA,20 BOWERS ST,MASSENA,13662,St Lawrence
0349-22-217869,2026-09-16,2026-10-01,2028-09-30,Club,ONEIDA POST 169 MEMORIAL BUILDING CORPORATION,O,398 N MAIN ST,ONEIDA,13421,Madison
0349-22-218065,2026-09-16,2026-10-01,2028-09-30,Club,TOWN OF QUEENSBURY POST 6196,VETERANS OF FOREIGN WARS DEPT,32 LUZERNE RD,GLENS FALLS,12801,Warren
0349-22-218175,2026-09-16,2026-10-01,2028-09-30,Club,GALLIANO CLUB OF ROME N Y INC,,239 E DOMINICK ST,ROME,13440,Oneida
0349-22-317719,2026-09-16,2026-10-01,2028-09-30,Club,BROCKPORT LODGE NO 2110 BPOE OF THE USA INC,,4400 SWEDEN WALKER RD,BROCKPORT,14420,Monroe
0364-24-227264,2026-09-16,2026-10-01,2028-09-30,Aircraft,ENVOY AIR INC,AMERICAN EAGLE,LAGUARDIA INT'L AIRPORT TERM C,FLUSHING,11371,Queens
0364-24-227266,2026-09-16,2026-10-01,2028-09-30,Aircraft,PSA AIRLINES INC,,1000 COL EILEEN COLLINS BLVD,SYRACUSE,13212,Onondaga
0370-22-230683,2026-09-16,2026-10-01,2028-09-30,Food & Beverage Business,BOB MAXWELL WALK A WAY INC,,239 WISNER AVE EXT,MIDDLETOWN,10940,Orange
0370-22-230946,2026-09-16,2026-10-01,2028-09-30,Food & Beverage Business,548 COFFEEN STREET INC,JOES TAVERN,548 COFFEEN ST,WATERTOWN,13601,Jefferson
0370-22-231980,2026-09-16,2026-10-01,2028-09-30,Food & Beverage Business,IRENE D'ANGELO,NORTH END TAVERN,3925 NYS RTE 22,WILLSBORO,12996,Essex
0370-24-126323,2026-09-16,2026-10-01,2028-09-30,Food & Beverage Business,M D C TAVERN CORP,CAROUSEL,522 E JERICHO TURNPIKE,HUNTINGTON STA,11746,Suffolk
0370-24-127898,2026-09-16,2026-10-01,2028-09-30,Food & Beverage Business,SCATTO BAR LLC,BOTTE BAR,25-07 BROADWAY,ASTORIA,11106,Queens
0370-24-128065,2026-09-16,2026-10-01,2028-09-30,Food & Beverage Business,LOWER LEVEL LOUNGE INC,UNDERGROUND LOUNGE,104 09 123RD STREET,RICHMOND HILL,11419,Queens
0370-24-128668,2026-09-16,2026-10-01,2028-09-30,Food & Beverage Business,WALLABOUT ENTERPRISES INC,THE EMERSON,561 MYRTLE AVE,BROOKLYN,11205,Kings
0370-24-131602,2026-09-16,2026-11-01,2028-10-31,Food & Beverage Business,"APPLE FOOD SERVICE OF LONG ISLAND, LLC",APPLEBEE'S NEIGHBORHOOD GRILL & BAR,200 AIRPORT PLAZA,FARMINGDALE,11735,Suffolk
0370-24-134042,2026-09-16,2026-11-01,2028-10-31,Food & Beverage Business,DRADJS LLC,LEFTY'S,583 WARBURTON AVE,HASTINGS-ON-HUDSON,10706,Westchester
0370-24-216305,2026-09-16,2026-09-16,2028-02-29,Food & Beverage Business,SVG 26 LLC,BETHEL WHISKEY CLUB TASTING ROOM,2037 RTE 17B,BETHEL,12720,Sullivan
0370-24-224688,2026-09-16,2026-10-01,2028-09-30,Food & Beverage Business,DONALD W GLEASON POST NO 190 INC.,THE AMERICAN LEGION INC,41 PAGE AVE,DELHI,13753,Delaware
0370-24-225913,2026-09-16,2026-10-01,2028-09-30,Food & Beverage Business,"CHURCH STREET BARS INC, THE",THE BACK BAR BEER GARDEN AND THE CABIN,2943 CHURCH ST,PINE PLAINS,12567,Dutchess
0370-24-327571,2026-09-16,2026-10-01,2028-09-30,Food & Beverage Business,FIVE ACRES TAVERN LLC,,302 COUNTY RD 60,WAVERLY,14892,Chemung
0370-24-327576,2026-09-16,2026-10-01,2028-09-30,Food & Beverage Business,OWEGO BOWL INC,THE OWEGO BOWL,1404 TAYLOR ROAD,OWEGO,13827,Tioga
0370-24-328550,2026-09-16,2026-10-01,2028-09-30,Food & Beverage Business,LT JOINT VENTURES INC,LASERTRON,5101 N BAILEY AVE,AMHERST,14226,Erie
0370-24-328550-01,2026-09-16,2026-10-01,2028-09-30,Additional Bar,LT JOINT VENTURES INC,LASERTRON,5101 N BAILEY AVE,AMHERST,14226,Erie
0370-24-332939,2026-09-16,2026-10-01,2028-09-30,Food & Beverage Business,The Seneca Caz LLC,The Caz,2221 Seneca St,Buffalo,14210,Erie
0370-24-332939-01,2026-09-16,2026-10-01,2028-09-30,Additional Bar,The Seneca Caz LLC,The Caz,2221 Seneca St,Buffalo,14210,Erie
0370-24-335133,2026-09-16,2026-11-01,2028-10-31,Food & Beverage Business,MKCM 240 RETAIL LLC,Brand Bar,240 High Street Ext,Victor,14564,Ontario
0370-24-337009,2026-09-16,2026-11-01,2028-10-31,Food & Beverage Business,Latitude 42 Taphouse LLC,Latitude 42 Taphouse,467 Old Ithaca Rd,Horseheads,14845,Chemung
0370-24-337009-01,2026-09-16,2026-11-01,2028-10-31,Additional Bar,Latitude 42 Taphouse LLC,{Add Bar 1st Floor Self-Pour Tap Rea Wall},467 Old Ithaca Rd,Horseheads,14845,Chemung
0372-22-209499,2026-09-16,2026-11-15,2027-04-30,Winter Food & Beverage Business,JOSARAH INC,THE GRILL ROOM,300 MCCAULEY RD,OLD FORGE,13420,Herkimer
0372-25-132007,2026-09-16,2026-11-01,2027-04-30,Winter Food & Beverage Business,"STOUT MARKETS, INC.",Lodge Pavillion,1 Herald Sq,New York,10001,New York
0423-22-106018,2026-09-16,2026-10-01,2026-09-30,Additional Bar,"LA PLACE, INC.",ADDL BAR CRN LOWE FLOOR,602 BROADHOLLOW ROAD,MELVILLE,11747,Suffolk
0423-22-109294,2026-09-16,2026-10-01,2028-09-30,Additional Bar,MILOS INC,,125 W 55TH STREET,NEW YORK,10019,New York
0423-22-109689,2026-09-16,2026-10-01,2028-09-30,Additional Bar,ASIA FIVE EIGHT LLC,,42 44 EAST 58TH STREET,NEW YORK,10022,New York
0423-22-110760,2026-09-16,2026-10-01,2028-09-30,Additional Bar,"WESTERN HOST, INC. & DREAM TEAM HOTEL ASSOCIATES, LLC",,270 W 43RD STREET,NEW YORK,10036,New York
0423-22-114884,2026-09-16,2026-10-01,2028-09-30,Additional Bar,"BOWERY STREET ASSOCIATES LLC, BOWERY STREET TRS LLC & LOWER EAST SIDE HOSPITALITY LLC as mgr",SIDE HOSPITALITY LLC AS MGR,141 151 BOWERY,NEW YORK,10002,New York
0423-22-115073,2026-09-16,2026-10-01,2028-09-30,Additional Bar,"BOWERY STREET ASSOCIATES LLC, BOWERY STREET TRS LLC & LOWER EAST SIDE HOSPITALITY LLC as mgr",SIDE HOSPITALITY LLC AS MGR,141 151 BOWERY,NEW YORK,10002,New York
0423-22-115074,2026-09-16,2026-10-01,2028-09-30,Additional Bar,"BOWERY STREET ASSOCIATES LLC, BOWERY STREET TRS LLC & LOWER EAST SIDE HOSPITALITY LLC as mgr",SIDE HOSPITALITY LLC AS MGR,141 151 BOWERY,NEW YORK,10002,New York
0423-22-115145,2026-09-16,2026-10-01,2028-09-30,Additional Bar,"BOWERY STREET ASSOCIATES LLC, BOWERY STREET TRS LLC & LOWER EAST SIDE HOSPITALITY LLC as mgr",SIDE HOSPITALITY LLC AS MGR,141 151 BOWERY,NEW YORK,10002,New York
0423-24-220214,2026-09-16,2026-10-01,2028-09-30,Additional Bar,ARTS CENTER AND THEATRE OF SCHENECTADY INC,PROCTORS ARTS CENTER,432 STATE STREET,SCHENECTADY,12305,Schenectady
0423-25-219717,2026-09-16,2026-11-01,2028-10-31,Additional Bar,WILD HORSE BAR AND GRILL LLC,,720 COUNTY RTE 37,CENTRAL SQUARE,13036,Oswego
0512-26-54792,2026-09-16,2026-09-16,2027-03-15,Manufacturer's Temporary,100 ACRE WOOD VINEYARD LLC,Clover Pond Vineyard,100 Acre Wood Ln,Altamont,12009,Albany
0036-23-224346,2026-09-15,2026-10-01,2029-09-30,Direct Shipper Wine,DESTINY VINEYARDS LLC,HUNT CELLARS,3950 HWY 41 E,CRESTON,93432,San Luis Obispo
0036-23-225367,2026-09-15,2026-09-15,2029-08-31,Direct Shipper Wine,ALTBIER OPERATIONS LLC,,499 MOORE LN,HEALDSBURG,95448,Sonoma
0071-20-202916,2026-09-15,2026-11-01,2029-10-31,Grocery Store,YAS QUICKMART INC,,191 RTE 59,SUFFERN,10901,Rockland
0071-25-104288,2026-09-15,2025-03-06,2028-02-29,Grocery Store,El Tio Deli Corp,,105 S Main St,Freeport,11520,Nassau
0081-20-108818,2026-09-15,2026-11-01,2029-10-31,Grocery Store,DAINOBU USA INC,,129 E 47TH ST,NEW YORK,10017,New York
0081-20-213374,2026-09-15,2026-11-01,2029-10-31,Grocery Store,ALI M K ALAMRI,SAM'S MARKET,101 WARREN STREET,HUDSON,12534,Columbia
0081-20-305622,2026-09-15,2026-10-01,2029-09-30,Grocery Store,FAITHGATE INC,7 ELEVEN STORE #35103A,91 MARKET ST,ATTICA,14011,Wyoming
0081-21-101016,2026-09-15,2024-12-01,2027-11-30,Grocery Store,JESSIS DELI CORP,,105-17 JAMAICA AVE,RICHMOND HILL,11418,Queens
0081-23-100002,2026-09-15,2026-09-15,2029-08-31,Grocery Store,MAYIMBE GROCERY CORP,,200 STANTON ST,NEW YORK,10002,New York
0081-23-103681,2026-09-15,2026-10-01,2029-09-30,Grocery Store,WOODROW BAGELS INC,FIESTA SUPERETTE & BAGELS,896 HUGUENOT AVE,STATEN ISLAND,10312,Richmond
0081-23-111902,2026-09-15,2026-11-01,2029-10-31,Grocery Store,BABA JEE I INC,7 ELEVEN STORE# 27157D,56 LOWELL AVE,ISLIP TERRACE,11752,Suffolk
0081-23-122203,2026-09-15,2026-11-01,2029-10-31,Grocery Store,NORTHERN MEAT & PRODUCE CORP,MI TIERRA SUPERMARKET,81 02 NORTHERN BLVD,JACKSON HEIGHTS,11372,Queens
0081-23-161875,2026-09-15,2026-11-01,2029-10-31,Grocery Store,VECINDA HH DELI & GROCERY CORP,,37-07 61ST ST,WOODSIDE,11377,Queens
0081-25-214090,2026-09-15,2025-06-16,2028-05-31,Grocery Store,"On the Way 81, Inc",,3817 US Route 11,Cortland,13045,Cortland
0081-26-154573,2026-09-15,2026-09-15,2029-08-31,Grocery Store,I & I Grocery Deli Corp,,315 Marcus Garvey Blvd,Brooklyn,11221,Kings
0081-26-154582,2026-09-15,2026-09-15,2029-08-31,Grocery Store,ALRAYAN DELI & GROCERY INC.,,1675 Bedford Ave,Brooklyn,11225,Kings
0081-26-154635,2026-09-15,2026-09-15,2029-08-31,Grocery Store,700 Foothill Food Co. LLC,Key Food,114-11 Lefferts Blvd,South Ozone Park,11420,Queens
0081-26-354601,2026-09-15,2026-09-15,2029-08-31,Grocery Store,MH SUPER MARKET EXPRESS INC,,143 Walden Ave,Buffalo,14211,Erie
0100-23-125778,2026-09-15,2026-10-01,2029-09-30,Liquor Store,SEA GRAPE INC,SEA GRAPE WINE & SPIRITS,512 HUDSON STREET,NEW YORK,10014,New York
0100-23-160396,2026-09-15,2026-11-01,2029-10-31,Liquor Store,LA MEME CHOSE WINE INC,La Meme Chose,364 LEONARD ST,BROOKLYN,11211,Kings
0100-23-223547,2026-09-15,2026-05-01,2029-04-30,Liquor Store,TERRYS WINE AND LIQUOR LLC,TERRYS WINE AND LIQUOR,837 EASTERN AVE,SCHENECTADY,12308,Schenectady
0100-23-226709,2026-09-15,2026-10-01,2029-09-30,Liquor Store,ILION WINE & SPIRITS INC,,10 EAST MAIN STREET,ILION,13357,Herkimer
0100-23-326696,2026-09-15,2026-11-01,2029-10-31,Liquor Store,LEROY DISCOUNT INC,LEROY DISCOUNT LIQUOR & WINE,128 W MAIN ST UNIT #2,LE ROY,14482,Genesee
0100-26-154597,2026-09-15,2026-09-15,2029-08-31,Liquor Store,Gemini Liquors & Wines LLC,,600 Forest Ave,Staten Island,10310,Richmond
0138-26-154591,2026-09-15,2026-09-15,2029-08-31,Food & Beverage Business,FIRE KITCHEN RESTAURANT DELI CORP.,,5919 4th Ave,Brooklyn,11220,Kings
0240-22-102778,2026-09-15,2026-11-01,2028-10-31,Restaurant,SOTTOLIO INC,NORMA,438 3RD AVE,NEW YORK,10016,New York
0240-22-301608,2026-09-15,2026-10-01,2028-09-30,Restaurant,ROUNDED PIE ENTERPRISES INC,KRONY'S PIZZA ETC,500 HAMLIN CLARKSON TOWN LINE,HAMLIN,14464,Monroe
0240-26-154706,2026-09-15,2026-09-15,2028-08-31,Restaurant,El Mexicano Restaurante and Cafe #3 INC,,8609 Bay Pkwy,Brooklyn,11214,Kings
0267-26-154596,2026-09-15,2026-09-15,2028-08-31,Food & Beverage Business,Elmhurst Athletics Corp.,,79-55 Albion Ave,Elmhurst,11373,Queens
0340-22-104996,2026-09-15,2026-11-01,2028-10-31,Restaurant,SICILIAN SAGE LLC,NORMA GASTRONOMIA SICILIANA,801 9TH AVE,NEW YORK,10019,New York
0340-22-105308,2026-09-15,2026-10-01,2028-09-30,Restaurant,BAKERY RESTAURANT LOS PARCEROS CORP,La Arepa Toxica,40-09 82ND ST,JACKSON HEIGHTS,11372,Queens
0340-22-106688,2026-09-15,2026-10-01,2028-09-30,Restaurant,MADAME TUSSAUDS OF NEW YORK LLC,7TH FLOOR BAR - FULL LIQUOR,234 W 42ND ST,NEW YORK,10036,New York
0340-22-109123,2026-09-15,2026-10-01,2028-09-30,Restaurant,GIARDINO 54 LLC,GIARDINO 54,400 1/2 W 54TH ST,NEW YORK,10019,New York
0340-22-111554,2026-09-15,2026-10-01,2028-09-30,Restaurant,HENNESSY PARK MGMT LLC,VIS-A-VIS,3100 OCEAN PKW,BROOKLYN,11235,Kings
0340-22-112375,2026-09-15,2026-10-01,2028-09-30,Restaurant,SOFIA 61ST STREET CORP,SERAFINA FABULOUS GRILL,33 E 61ST,NEW YORK,10065,New York
0340-22-113552,2026-09-15,2026-03-01,2028-02-29,Restaurant,191 DK RESTAURANT CORP,DD'S DINER RESTAURANT,191 N HIGHLAND AVE,OSSINING,10562,Westchester
0340-22-114757,2026-09-15,2026-09-15,2028-08-31,Restaurant,TUTTO IL GIORNO SAG LLC,TUTTO IL GIORNO,16 MAIN ST,SAG HARBOR,11963,Suffolk
0340-22-115355,2026-09-15,2026-09-15,2028-08-31,Restaurant,MARGARITA'S CAFE ONE INC.,MARGARITA'S CAFE,139B MERRICK AVENUE,MERRICK,11566,Nassau
0340-22-205162,2026-09-15,2026-11-01,2028-10-31,Restaurant,GRAYSON RINALDI LLC,THE END ZONE,227 PARK AVENUE,MECHANICVILLE,12118,Saratoga
0340-22-207271,2026-09-15,2026-10-01,2028-09-30,Restaurant,HUDSON'S MILL INC.,HUDSON'S MILL TAVERN & CATERING,55 W RAILROAD AVE,GARNERVILLE,10923,Rockland
0340-22-211671,2026-09-15,2026-10-01,2028-09-30,Restaurant,TEXAS ROADHOUSE HOLDINGS LLC,TEXAS ROADHOUSE,2323 SOUTH RD,POUGHKEEPSIE,12601,Dutchess
0340-22-212179,2026-09-15,2026-03-19,2028-01-31,Restaurant,FIRESIDE HOLDINGS LLC,FIRESIDE,59 RTE 59,MONSEY,10952,Rockland
0340-22-212710,2026-09-15,2026-10-01,2028-09-30,Restaurant,DOLGEVILLE ENTERPRISES INC,ARTHUR'S COTTAGE HOTEL,19 S MAIN ST,DOLGEVILLE,13329,Herkimer
0340-22-306570,2026-09-15,2026-11-01,2028-10-31,Restaurant,FIESTA BAMBA INC,,60 S CASCADE DR,SPRINGVILLE,14141,Erie
0340-22-308624,2026-09-15,2026-10-01,2028-09-30,Restaurant,TEXAS ROADHOUSE HOLDINGS LLC,TEXAS ROADHOUSE,3065 W RIDGE RD,ROCHESTER,14626,Monroe
0340-23-134495,2026-09-15,2025-07-01,2027-06-30,Restaurant,,PLAYOFFS SPORTS LOUNGE,5666-5668 BROADWAY,BRONX,10471,Bronx
0340-23-238654,2026-09-15,2025-07-01,2027-06-30,Restaurant,JKMORGAN LLC,THE LAFAYETTE INN,2419 US ROUTE 11,LAFAYETTE,13084,Onondaga
0340-23-335231,2026-09-15,2025-07-01,2027-06-30,Restaurant,FINGER LAKES FOODSERVICE INC,PLATINUM GRILLE,ROUTE 96 & BEAVER CREEK RD,FARMINGTON,14425,Ontario
0340-24-116836,2026-09-15,2026-06-01,2028-05-31,Restaurant,KilaLuka Cafe Inc,John Devoy's Bar & Kitchen,377 Park Ave S,New York,10016,New York
0340-24-132472,2026-09-15,2026-10-01,2028-09-30,Restaurant,La Parrillada Colombiana NYC Inc,,52-35 Metropolitan Ave,Ridgewood,11385,Queens
0340-26-154579,2026-09-15,2026-09-15,2028-01-31,Restaurant,Bowies Lucky 88 LLC,KIMMI,125 Canal St,New York,10002,New York
0340-26-154585,2026-09-15,2026-09-15,2028-08-31,Restaurant,Stylish Chef Cheese LLC,Greyz Bistro,1171 Saint Johns Pl,Brooklyn,11213,Kings
0340-26-154650,2026-09-15,2026-09-15,2028-08-31,Restaurant,Coco Canoa Restaurant Corp.,,79-17 Atlantic Ave,Woodhaven,11421,Queens
0340-26-154703,2026-09-15,2026-09-15,2029-05-31,Restaurant,NEW THRIVING RESTAURANT OF GUYANA INC,,107 02 LIBERTY AVENUE,OZONE PARK,11417,Queens
0340-26-254611,2026-09-15,2026-09-15,2028-08-31,Restaurant,Rustic Table Restaurant LLC,Rustic Tables Restaurant and Bar,1215 Route 199,Red Hook,12571,Dutchess
0340-26-254677,2026-09-15,2026-09-15,2028-08-31,Restaurant,GWL View LLC,Emerald Point Lakeside Restaurant and Pub,40 Sterling Rd,Greenwood Lake,10925,Orange
0340-26-254677-01,2026-09-15,2026-09-15,2028-08-31,Additional Bar-Seasonal,GWL View LLC,Emerald Point Lakeside Restaurant and Pub,40 Sterling Rd,Greenwood Lake,10925,Orange
0346-22-316116,2026-09-15,2026-05-01,2028-04-30,Catering Establishment,"Great Valley Volunteer Fire Company, Inc.",,6042 DEPOT ST,GREAT VALLEY,14741,Cattaraugus
0346-26-154067,2026-09-15,2026-09-10,2028-08-31,Catering Establishment,Vested LLC,Vested,114 E 25th St,New York,10010,New York
0349-22-217633,2026-09-15,2026-10-01,2028-09-30,Club,"Norwich, New York, Lodge No. 1222, Benevolent and Protective Order of Elks of the United States of America Inc",,14 E MAIN ST,NORWICH,13815,Chenango
0349-22-217790,2026-09-15,2026-10-01,2028-09-30,Club,SIMON PARISE VETERANS OF FOREIGN WARS POST 9596,,6996 TAFT RD RD 1,EAST SYRACUSE,13057,Onondaga
0349-22-218167,2026-09-15,2026-10-01,2028-09-30,Club,WILLIAM E DE BEVOISE JR CORP,,65 AMERICAN LEGION WAY,NEW CITY,10956,Rockland
0349-22-218184,2026-09-15,2026-10-01,2028-09-30,Club,GENERAL PULASKI POST 1650 INC,,1604 BURNET AVE,SYRACUSE,13206,Onondaga
0349-22-317658,2026-09-15,2026-10-01,2028-09-30,Club,GRAND ISL ROD & GUN CLUB INC,,1083 WHITEHAVEN RD,GRAND ISLAND,14072,Erie
0349-22-317746,2026-09-15,2026-10-01,2028-09-30,Club,"Salamanca Overseas Veterans' Association, Inc.",,61 WILDWOOD AVENUE,SALAMANCA,14779,Cattaraugus
0349-22-318238,2026-09-15,2026-10-01,2028-09-30,Club,"HARMON CLUB INC,THE",OF ALLEGANY NY,3-5 WEST MAIN STREET,ALLEGANY,14706,Cattaraugus
0349-22-318443,2026-09-15,2026-10-01,2028-09-30,Club,FRIENDSHIP POST 1168,THE AMERICAN LEGION,29 DEPOT ST,FRIENDSHIP,14739,Allegany
0349-23-126715,2026-09-15,2025-04-01,2027-03-31,Club,"PLAYERS INC, THE",THE PLAYERS,16 Gramercy Park S,New York,10003,New York
0370-22-330573,2026-09-15,2026-10-01,2028-09-30,Food & Beverage Business,PETER & PHILLIP FURFARI ADM EST OF ROCCO J FURFARE,WINGED PHEASANT GOLF CLUB,1475 SAND HILL RD,SHORTSVILLE,14548,Ontario
0370-22-330976,2026-09-15,2026-10-01,2028-09-30,Food & Beverage Business,WENDY S MERCHANT,THE FIFTH WHEEL,440 CHANDLER ST,JAMESTOWN,14701,Chautauqua
0370-23-316020,2026-09-15,2026-10-01,2028-09-30,Food & Beverage Business,KIEBZAK'S RESTAURANT LTD,KIEBZAK'S RESTAURANT,38 CROCKER ST T/O SLOAN,BUFFALO,14212,Erie
0370-24-123605,2026-09-15,2026-08-01,2028-07-31,Food & Beverage Business,X-GOLF BROOKLYN LLC,X Golf Brooklyn,105 N 13th St,Brooklyn,11249,Kings
0370-24-125624,2026-09-15,2026-09-15,2028-08-31,Food & Beverage Business,CHELSEA MUSIC HALL LLC,CHELSEA MUSIC HALL,75 9TH AVE,NEW YORK,10011,New York
0370-24-127602,2026-09-15,2026-10-01,2028-09-30,Food & Beverage Business,ONE HANOVER LLC,ULYSSES,91 97 PEARL ST,NEW YORK,10004,New York
0370-24-127602-01,2026-09-15,2026-10-01,2028-09-30,Additional Bar,ONE HANOVER LLC,ULYSSES,91 97 PEARL ST,NEW YORK,10004,New York
0370-24-127900,2026-09-15,2026-10-01,2028-09-30,Food & Beverage Business,JUSTIFIED LLC,THE INTERNATIONAL BAR,102 1ST AVENUE,NEW YORK,10009,New York
0370-24-129968,2026-09-15,2026-10-01,2028-09-30,Food & Beverage Business,WILFIE & NELL LLC,,228 W 4TH STREET,NEW YORK,10014,New York
0370-24-130274,2026-09-15,2026-10-01,2028-09-30,Food & Beverage Business,158 LUDLOW REST LLC,PIANOS,158 LUDLOW STREET,NEW YORK,10002,New York
0370-24-130274-01,2026-09-15,2026-10-01,2028-09-30,Additional Bar,158 LUDLOW REST LLC,PIANOS,158 LUDLOW STREET,NEW YORK,10002,New York
0370-24-130274-02,2026-09-15,2026-10-01,2028-09-30,Additional Bar,158 LUDLOW REST LLC,PIANOS,158 LUDLOW STREET,NEW YORK,10002,New York
0370-24-130743,2026-09-15,2026-10-01,2028-09-30,Food & Beverage Business,ALPHA 129 REST LLC,LUCKY JACK'S,127 129 ORCHARD STREET,NEW YORK,10002,New York
0370-24-130743-01,2026-09-15,2026-10-01,2028-09-30,Additional Bar,ALPHA 129 REST LLC,LUCKY JACK'S,127 129 ORCHARD STREET,NEW YORK,10002,New York
0370-24-131913,2026-09-15,2026-11-01,2028-10-31,Food & Beverage Business,RAZZO INC,REPEAL XVIII,30 NEW ST,HUNTINGTON,11743,Suffolk
0370-24-131913-01,2026-09-15,2026-11-01,2028-10-31,Additional Bar,RAZZO INC,REPEAL XVIII,30 NEW ST,HUNTINGTON,11743,Suffolk
0370-24-132300,2026-09-15,2026-10-01,2028-09-30,Food & Beverage Business,NEW YORK CHAPTER OF THE AMERICAN,INSTITUTE OF ARCHITECTS,534 LAGUARDIA PLACE,NEW YORK,10012,New York
0370-24-132803,2026-09-15,2026-11-01,2028-10-31,Food & Beverage Business,LUCKY CHANG INC,LOTUS,345 CONKLIN STREET,FARMINGDALE,11735,Nassau
0370-24-133540,2026-09-15,2026-10-01,2028-09-30,Food & Beverage Business,1300 ROYAL TERRACE LLC,,1298 UTICA AVE,BROOKLYN,11203,Kings
0370-24-225978,2026-09-15,2026-10-01,2028-09-30,Food & Beverage Business,MONKEY BUSINESS OF DUTCHESS INC,MONKEY MAGHEES,40 VASSAR ROAD,POUGHKEEPSIE,12603,Dutchess
0370-24-231060,2026-09-15,2026-11-01,2028-10-31,Food & Beverage Business,J P MULLIGANS RESTAURANT INC,J P MULLIGANS RESTAURANT,202 W GENESEE ST,FAYETTEVILLE,13066,Onondaga
0370-24-232576,2026-09-15,2026-11-01,2028-10-31,Food & Beverage Business,JOSA INC,BREAK POINT BOWL & ENTERTAINMENT,40 S ROUTE 9W,WEST HAVERSTRAW,10993,Rockland
0370-24-329647,2026-09-15,2026-10-01,2028-09-30,Food & Beverage Business,DA BADA INC,BADA BING,42 W CHIPPEWA ST,BUFFALO,14202,Erie
0370-25-107552,2026-09-15,2025-04-17,2027-03-31,Food & Beverage Business,MB Bar Boutique Corporation,MB Boutique,40-08 74th street,Woodside,11373,Queens
0370-26-154664,2026-09-15,2026-09-15,2028-08-31,Food & Beverage Business,"EL JEFE BURGER, INC.",,91-13 31st Ave,East Elmhurst,11369,Queens
0370-26-254659,2026-09-15,2026-09-15,2028-08-31,Food & Beverage Business,D F W New York LLC,DFW,768 Main St,Margaretville,12455,Delaware
0423-22-109328,2026-09-15,2026-10-01,2028-09-30,Additional Bar,MADAME TUSSAUDS OF NEW YORK LLC,9TH FLOOR BAR - FULL LIQUOR,234 W 42ND ST,NEW YORK,10036,New York
0512-26-54613,2026-09-15,2026-09-15,2027-03-14,Manufacturer's Temporary,STICKETT INN CIDER LLC,,279 E 10th St,New York,10009,New York
0001-23-141124,2026-09-14,2026-11-01,2027-10-31,Wholesale Beer (Retail),JD BEVERAGE OF NY INC,BLUE BELL BEER DIST,8 GATES ST,GREENLAWN,11740,Suffolk
0002-22-131991,2026-09-14,2026-09-14,2026-11-30,Wholesale Beer,MILTON'S DISTRIBUTING CO INC,,2B John Walsh Blvd,Peekskill,10566,Westchester
0009-22-116971,2026-09-14,2026-09-14,2028-05-31,Wholesale Liquor,MILTON'S DISTRIBUTING CO INC,,2B John Walsh Blvd,Peekskill,10566,Westchester
0009-26-154500,2026-09-14,2026-09-14,2029-08-31,Wholesale Liquor,Montenegro Americas LLC,,2107 41st Ave Unit 333,Long Island City,11101,Queens
0014-25-225755,2026-09-14,2026-10-01,2027-09-30,Micro-Brewer,Gigantic Mozzarella LLC,Schoharie Tripoint,152 Albany Ave,Cobleskill,12043,Schoharie
0014-26-254432,2026-09-14,2026-09-14,2028-03-31,Micro-Brewer,"Helderberg Meadworks, LLC",Helderberg Bruworks,990 W Duane Lake Rd,Duanesburg,12056,Schenectady
0015-24-125602,2026-09-14,2026-09-14,2029-07-31,Farm Brewer,NITEGLOW NYC LLC,DAYGLOW,8 WILSON AVE,BROOKLYN,11237,Kings
0015-26-154377,2026-09-14,2026-09-14,2026-10-31,Farm Brewer,"THE GREENPORT BREWING COMPANY, LLC",GREENPORT HARBOR BREWING COMPANY,42155 MAIN RD,Peconic,11958,Suffolk
0015-26-154484,2026-09-14,2026-09-14,2027-08-31,Farm Brewer,FOCAL POINT BREWING COMPANY LLC,Focal Point Beer,43-63 11th St & 43-59 11th St,Long Island City,11101,Queens
0036-23-226191,2026-09-14,2026-09-14,2029-01-31,Direct Shipper Wine,D O B WINE COMPANY LLC,GAIL WINES,1700 MOON MOUNTAIN RD,SONOMA,95476,Sonoma
0036-23-226315,2026-09-14,2026-09-14,2029-08-31,Direct Shipper Wine,THE MORNE WINE COMPANY,BROOKS WINES,21101 SE CHERRY BLOSSOM LANE,AMITY,97101,Yamhill
0036-26-254498,2026-09-14,2026-09-14,2029-08-31,Direct Shipper Wine,Igneous LLC,Aerika,21684 8th St E Ste 400,Sonoma,95476,Sonoma
0071-23-129387,2026-09-14,2026-10-01,2029-09-30,Grocery Store,MI CASA GROCERY INC,,64 N HIGHLAND AVE,OSSINING,10562,Westchester
0071-26-154422,2026-09-14,2026-09-14,2029-08-31,Grocery Store,Yummy Grocery Deli Inc,,483 S Broadway,Yonkers,10705,Westchester
0071-26-154442,2026-09-14,2026-09-14,2029-08-31,Grocery Store,El Chingon Corp,,709 Flatbush Ave,Brooklyn,11225,Kings
0071-26-154501,2026-09-14,2026-09-14,2029-08-31,Grocery Store,LATINS FOOD RESTAURANT CORP.,,230 Rockaway Ave,Valley Stream,11580,Nassau
0081-20-107425,2026-09-14,2026-11-01,2029-10-31,Grocery Store,AMBOY SUPERSTAR CONVENIENCE INC,AROUND THE CLOCK DELI & GROCERY,4020 AMBOY RD,STATEN ISLAND,10308,Richmond
0081-21-101766,2026-09-14,2024-11-01,2027-10-31,Grocery Store,"WHOLE FOODS MARKET GROUP, INC.",WHOLE FOODS MARKET,214 3RD ST,BROOKLYN,11215,Kings
0081-23-102475,2026-09-14,2026-11-01,2029-10-31,Grocery Store,HAPPY 41 INC,CORNER STOP,149-07 41ST AVE,FLUSHING,11355,Queens
0081-23-102756,2026-09-14,2026-10-01,2029-09-30,Grocery Store,TARAN CONVENIENCE INC,ARMSTRONG 24 HOUR DELI & GROCERY,4295 AMBOY RD,STATEN ISLAND,10312,Richmond
0081-23-260446,2026-09-14,2026-11-01,2029-10-31,Grocery Store,ZAFAR GROUP INC,QUICK START DELI,465 RTE 17M,MIDDLETOWN,10940,Orange
0081-26-354505,2026-09-14,2026-09-14,2029-08-31,Grocery Store,"DANDY MINI MARTS, INC.",Dandy Mini Mart #89,1156 Broadway St,Elmira,14904,Chemung
0100-20-103880,2026-09-14,2026-11-01,2029-10-31,Liquor Store,MENDEYS FINE WINE & LIQUOR INC,SCHNAPPS,404 AVENUE M,BROOKLYN,11230,Kings
0100-23-124415,2026-09-14,2026-10-01,2029-09-30,Liquor Store,RENAISSANCE WINES & SPIRITS INC,ROC WINE & SPIRITS CO,2517 ADAM CLAYTON POWELL JR. B,NEW YORK,10039,New York
0100-23-225664,2026-09-14,2026-11-01,2029-10-31,Liquor Store,COUNTRY SQUARE WINE & LIQUOR LLC,,54 BRYANTS SQ,GREENVILLE,12083,Greene
0100-23-324047,2026-09-14,2026-10-01,2029-09-30,Liquor Store,GA LIQUORS LLC,ROCCOS WINE & LICUOR,418 LYELL AVE,ROCHESTER,14606,Monroe
0138-22-102715,2026-09-14,2025-03-01,2028-02-29,Food & Beverage Business,EMMONS DELI INC,,1729 EMMONS AVENUE,BROOKLYN,11235,Kings
0240-22-100237,2026-09-14,2026-09-14,2028-08-31,Restaurant,HU TONG BBQ CORP,,36-12 UNION ST,FLUSHING,11354,Queens
0240-22-100341,2026-09-14,2026-11-01,2028-10-31,Restaurant,GINGER DOLLAR SUSHI INC,TOMO JAPANESE CAFE,89-14 QUEENS BLVD,ELMHURST,11373,Queens
0240-22-100404,2026-09-14,2026-09-14,2028-08-31,Restaurant,MAMARONECK COFFEE ROASTER INC,THE ROASTER CAFE,419 MAMARONECK AVE,MAMARONECK,10543,Westchester
0240-22-102034,2026-09-14,2026-11-01,2028-10-31,Restaurant,ISHI GROUP INC,,70 5TH AVE,BROOKLYN,11217,Kings
0240-22-200265,2026-09-14,2026-11-01,2028-10-31,Restaurant,MOUNT CASSINO INC,DOWNTOWN CAFE,91 BROADWAY,KINGSTON,12401,Ulster
0240-22-301337,2026-09-14,2026-11-01,2028-10-31,Restaurant,HARVEST DRIVE CAFE INC,MAGNOLIA'S DELI & CAFE,366 PARK AVE,ROCHESTER,14607,Monroe
0240-24-132332,2026-09-14,2026-10-01,2028-09-30,Restaurant,Antwerp B LLC,CDA Cafe D'anvers,1567 Lexington Ave,New York,10029,New York
0240-26-154480,2026-09-14,2026-09-14,2028-08-31,Restaurant,Sohna Punjab Indian Restaurant LLC,,117-10 Atlantic Ave,South Richmond Hill,11419,Queens
0251-23-228442,2026-09-14,2026-11-01,2027-03-31,Winter Club,EAST HERKIMER SNO-RIDERS INC,EAST HERKIMER SNO-RIDERS,2167 STATE RTE 169,LITTLE FALLS,13365,Herkimer
0267-22-115249,2026-09-14,2026-10-01,2028-09-30,Food & Beverage Business,CHATHAM HOLTSVILLE RI LEASCO LLC & ISLAND HOSP,MANAGEMENT III LLC DBA: RESIDENCE INN HOLTSVILLE,25 MIDDLE AVE,HOLTSVILLE,11742,Suffolk
0267-24-203318,2026-09-14,2026-02-01,2028-01-31,Food & Beverage Business,LUCAS CANDIES LLC,LUCAS CANDIES,6 MAIN ST,HAVERSTRAW,10927,Rockland
0267-24-230895,2026-09-14,2026-10-01,2028-09-30,Food & Beverage Business,Round Table Brewery LLC,,55 W RAILROAD AVE,GARNERVILLE,10923,Rockland
0340-22-103097,2026-09-14,2026-10-01,2028-09-30,Restaurant,2158 RESTAURANT CORP,MANNINOS KITCHEN AND LOUNGE,2158 JERICHO TPKE,COMMACK,11725,Suffolk
0340-22-104426,2026-09-14,2026-09-14,2028-08-31,Restaurant,KBAY CORP,KASHI JAPANESE OF SYOSSET,343A JERICHO TURNPIKE,SYOSSET,11791,Nassau
0340-22-104477,2026-09-14,2026-10-01,2028-09-30,Restaurant,JEFFERSON PIZZA INC,PIZZA CARNIVAL,4900 NESCONSET SHOPPING CTR,PORT JEFFERSON STA,11776,Suffolk
0340-22-104535,2026-09-14,2026-09-14,2028-08-31,Restaurant,PIRIAR INC,LA HERRADURA,406 MAMARONECK AVE,MAMARONECK,10543,Westchester
0340-22-104889,2026-09-14,2026-10-01,2028-09-30,Restaurant,VKAC LLC,VERDE KITCHEN & COCKTAILS,70 E MAIN ST,BAY SHORE,11706,Suffolk
0340-22-105848,2026-09-14,2026-10-01,2028-09-30,Restaurant,QUIJOTE RESTAURANT INC,,275 ROUTE 25A,MILLER PLACE,11764,Suffolk
0340-22-106550,2026-09-14,2026-10-01,2028-09-30,Restaurant,BIROTE CORPORATION,EL MITOTE,208 COLUMBUS AVE,NEW YORK,10023,New York
0340-22-111054,2026-09-14,2026-10-01,2028-09-30,Restaurant,WORLD SPA ENTERTAINMENT LLC & ISAAC SIMON AS CO-LICENSEE,,1571 MCDONALD AVE,BROOKLYN,11230,Kings
0340-22-111304,2026-09-14,2026-10-01,2028-09-30,Restaurant,"BREW INN CORP, THE",,924 MANHATTAN AVE,BROOKLYN,11222,Kings
0340-22-111993,2026-09-14,2026-10-01,2028-09-30,Restaurant,MARISCOS EL SUBMARINO CORP,,88-05 ROOSEVELT AVE,JACKSON HEIGHTS,11372,Queens
0340-22-112128,2026-09-14,2026-10-01,2028-09-30,Restaurant,ERICKS SOUND BEACH LLC,THE PIZZA PLACE,125 W MONTAUK HWY,HAMPTON BAYS,11946,Suffolk
0340-22-112439,2026-09-14,2026-10-01,2028-09-30,Restaurant,"CITY WINERY NY - PIER 57, LLC",CITY WINERY NEW YORK,25 11TH AVE,NEW YORK,10011,New York
0340-22-113571,2026-09-14,2026-10-01,2028-09-30,Restaurant,56TH STREET RESTAURANT LLC,LIPS RESTAURANT,227 E 56TH STREET,NEW YORK,10022,New York
0340-22-113675,2026-09-14,2026-10-01,2028-09-30,Restaurant,TB CANTINA LLC,TACO BELL CANTINA,840 8TH AVE,NEW YORK,10019,New York
0340-22-114397,2026-09-14,2026-10-01,2028-09-30,Restaurant,CHIPOTLE MEXICAN GRILL OF COLORADO LLC,CHIPOTLE MEXICAN GRILL #1879,275 GREENWICH ST,NEW YORK,10007,New York
0340-22-203744,2026-09-14,2026-10-01,2028-09-30,Restaurant,DEER VALLEY TRAILS & 716 SPORTS BAR AND GRILL LLC,,4677 BLUE MT RD,ST REGIS FALLS,12980,Franklin
0340-22-204634,2026-09-14,2026-10-01,2028-09-30,Restaurant,CHIPOTLE MEXICAN GRILL OF COLORADO LLC,CHIPOTLE MEXICAN GRILL #1432,3496 ERIE BLVD EAST,SYRACUSE,13214,Onondaga
0340-22-204853,2026-09-14,2026-10-01,2028-09-30,Restaurant,CHIPOTLE MEXICAN GRILL OF COLORADO LLC,CHIPOTLE MEXICAN GRILL #1496,1475 WESTERN AVE,ALBANY,12203,Albany
0340-22-207489,2026-09-14,2026-07-01,2028-06-30,Restaurant,PAN PARTNERS INC,RICK'S CLUB AMERICAN,100 LAKE RD,CONGERS,10920,Rockland
0340-22-208893,2026-09-14,2026-09-14,2028-07-31,Restaurant,KMCMK LLC,ORCHARD TAVERN WEST,2050 WESTERN AVE STE 114,GUILDERLAND,12084,Albany
0340-22-210860,2026-09-14,2026-10-01,2028-09-30,Restaurant,VAN JAN CABARETS INC,THE*OLDE BRYAN INN,123 MAPLE AVENUE,SARATOGA SPRINGS,12866,Saratoga
0340-22-212136,2026-09-14,2026-11-01,2028-10-31,Restaurant,A&B DINER LLC,STONY POINT FAMILY DINER,56 S LIBERTY DR,STONY POINT,10980,Rockland
0340-22-212419,2026-09-14,2026-10-01,2028-09-30,Restaurant,CHIPOTLE MEXICAN GRILL OF COLORADO LLC,CHIPOTLE MEXICAN GRILL #1895,1290 ARSENAL ST,WATERTOWN,13601,Jefferson
0340-23-128831,2026-09-14,2025-07-01,2027-06-30,Restaurant,LENA TRATTORIA LLC,LENA,3468 3470 E TREMONT AVE,BRONX,10465,Bronx
0340-23-136921,2026-09-14,2026-09-14,2028-08-31,Restaurant,CCA HOLDINGS INC,RICHMOND REPUBLIC,4459 AMBOY RD,STATEN ISLAND,10312,Richmond
0340-24-118131,2026-09-14,2026-06-01,2028-05-31,Restaurant,"FARRIER LLC, THE",,644 10TH AVE,NEW YORK,10036,New York
0340-24-131073,2026-09-14,2026-10-01,2028-09-30,Restaurant,Carmine's UWS LLC,Carmine's / Virgil & Virgil's BBQ,2450 Broadway,New York,10024,New York
0340-24-131073-01,2026-09-14,2026-10-01,2028-09-30,Additional Bar,Carmine's UWS LLC,Add Bar - Entrance (Smaller Bar),2450 Broadway,New York,10024,New York
0340-24-131087,2026-09-14,2026-10-01,2028-09-30,Restaurant,LOBSTER STEAKHOUSE RESTAURANT INC,Lobster Steakhouse,4227 Broadway,NEW YORK,10033,New York
0340-24-131971-01,2026-09-14,2026-10-01,2028-09-30,Additional Bar,Maki A Mano Inc.,Maki A Mano; N Between; Mini,75 9th Ave,New York,10011,New York
0340-26-154405,2026-09-14,2026-09-14,2028-08-31,Restaurant,Urban Hamlet Restaurant Group Inc.,The Urban Hamlet,124 Pondfield Rd,Bronxville,10708,Westchester
0340-26-154446,2026-09-14,2026-09-14,2028-08-31,Restaurant,De Hoop II Corp,Kaia,1446 1st Ave,New York,10021,New York
0340-26-254399,2026-09-14,2026-09-14,2028-08-31,Restaurant,Ole Bar and Grill LLC,,312 Main St,Middleburgh,12122,Schoharie
0340-26-254513,2026-09-14,2026-09-14,2028-08-31,Restaurant,DEERPATH RESTAURANT LLC,,6064 State Highway 8,New Berlin,13411,Chenango
0340-26-354510,2026-09-14,2026-09-14,2028-08-31,Restaurant,HORSE HEADS NY HOSPITALITY LLC,Gracias Mexican Restaurant,2666 Corning Rd,Horseheads,14845,Chemung
0343-22-226417,2026-09-14,2026-11-01,2028-10-31,Hotel,AUBURN COMMUNITY HOTEL LP & BEAU VINE CHOP HOUSE LLC,HILTON GARDEN INN / REFINERY,74 STATE ST,AUBURN,13021,Cayuga
0343-22-226981,2026-09-14,2026-09-14,2028-08-31,Hotel,COLGATE INN LLC & CH NEW YORK LLC,COLGATE INN,1 PAYNE ST,HAMILTON,13346,Madison
0343-25-103540,2026-09-14,2025-05-12,2027-01-31,Hotel,"Breakers Motel Inc., Montauk Breakers, LLC & Crispy Taco Co Montauk LLC","Breaker Motel, Crispy Taco Company and Crispy Taco Co",769 Old Montauk Hwy,Montauk,11954,Suffolk
0346-22-216840,2026-09-14,2026-10-01,2028-09-30,Catering Establishment,POUGHKEEPSIE LANDING LLC,THE GRANDVIEW,176 RINALDI BOULEVARD,POUGHKEEPSIE,12601,Dutchess
0346-23-123420,2026-09-14,2026-10-01,2028-09-30,Catering Establishment,"ARAMARK SERVICES, INC.",,200 WEST ST,NEW YORK,10282,New York
0346-23-123435,2026-09-14,2026-10-01,2028-09-30,Catering Establishment,"ARAMARK SERVICES, INC.",,200 WEST ST,NEW YORK,10282,New York
0346-23-123436,2026-09-14,2026-10-01,2028-09-30,Catering Establishment,"ARAMARK SERVICES, INC.",,200 WEST ST,NEW YORK,10282,New York
0346-26-254506,2026-09-14,2026-09-14,2028-08-31,Catering Establishment,"CopperTop Hospitality Group, LLC",,2290 W Genesee Tpke,Camillus,13031,Onondaga
0349-22-217978,2026-09-14,2026-10-01,2028-09-30,Club,ST JOSEPHS ATHLETIC CLUB,SCHENECTADY NEW YORK INC,832 EASTERN AVE,SCHENECTADY,12308,Schenectady
0349-22-218433,2026-09-14,2026-10-01,2028-09-30,Club,V F W POST NO 5913,,8 SCHOOL ST,WAPPINGERS FALLS,12590,Dutchess
0349-22-317657,2026-09-14,2026-10-01,2028-09-30,Club,SPRINGVILLE LODGE 1249 LOYAL,ORDER OF MOOSE,13080 BUFFALO RD,SPRINGVILLE,14141,Erie
0349-22-317706,2026-09-14,2026-10-01,2028-09-30,Club,GRAND ISLAND FIRE COMPANY INC,,2275 BASELINE RD,GRAND ISLAND,14072,Erie
0370-22-103415,2026-09-14,2026-10-01,2028-09-30,Food & Beverage Business,FLATIRON ROOM OPERATIONS LLC,THE FLATIRON ROOM,37 WEST 26TH ST,NEW YORK,10010,New York
0370-22-331229,2026-09-14,2026-10-01,2028-09-30,Food & Beverage Business,ELMWOOD INN CORPORATION,ELMWOOD INN,1256 MT HOPE AVENUE,ROCHESTER,14620,Monroe
0370-24-130236,2026-09-14,2026-10-01,2028-09-30,Food & Beverage Business,TREASURE CLUB INTERNATIONAL INC,TREASURE CLUB INTERNATIONAL,22 ORCHARD ST,NEW YORK,10002,New York
0370-24-130239,2026-09-14,2026-10-01,2028-09-30,Food & Beverage Business,DELTA 510 CORP,11TH STREET BAR,510 E 11TH ST,NEW YORK,10009,New York
0370-24-131816,2026-09-14,2026-10-01,2028-09-30,Food & Beverage Business,TWO TALL & HANDSOME LLC,BRIX AND RYE,308A MAIN ST,GREENPORT,11944,Suffolk
0370-24-131828,2026-09-14,2026-11-01,2028-10-31,Food & Beverage Business,SIGNAL 8 CORP,COUSIN CRAIG'S SIGNAL 8 SALOON,80F MONTAUK HGWY,COPIAGUE,11726,Suffolk
0370-24-136265,2026-09-14,2026-11-01,2028-10-31,Food & Beverage Business,Get A Real Job LLC,New York Comedy Club UWS,236 W 78th St,New York,10024,New York
0370-24-225040,2026-09-14,2026-10-01,2028-09-30,Food & Beverage Business,CKS TAVERN INC,TOWN TAVERN,2119 BREWERTON RD,MATTYDALE,13211,Onondaga
0370-24-226020,2026-09-14,2026-09-14,2028-08-31,Food & Beverage Business,S U THEATRE CORPORATION,SYRACUSE STAGE,820 E GENESEE STREET,SYRACUSE,13210,Onondaga
0370-24-227263,2026-09-14,2026-09-14,2028-08-31,Food & Beverage Business,HAPPY VALLEY ARCADE LLC,,296 MAIN ST,BEACON,12508,Dutchess
0370-24-227561,2026-09-14,2026-10-01,2028-09-30,Food & Beverage Business,HUNTERS ON JAY LLC,HUNTER'S ON JAY,50 NORTH JAY ST,SCHENECTADY,12305,Schenectady
0370-24-228542,2026-09-14,2026-10-01,2028-09-30,Food & Beverage Business,Mcmancos Inc,THE BRICKYARD TAVERN & GRILL,70 72 MILTON AVE,BALLSTON SPA,12020,Saratoga
0370-24-228906,2026-09-14,2026-10-01,2028-09-30,Food & Beverage Business,MERCURY PRESENTS INCORPORATED,B SIDE BALLROOM,1 CLINTON PLAZA DR,ONEONTA,13820,Otsego
0370-24-231622,2026-09-14,2026-11-01,2028-10-31,Food & Beverage Business,KORPS INC,KORPS CORNER,800 W DOMINICK ST,ROME,13440,Oneida
0370-24-231904,2026-09-14,2026-11-01,2028-10-31,Food & Beverage Business,PATTYS TAVERN LLC,,6207 JAMESVILLE TOLL RD,JAMESVILLE,13078,Onondaga
0370-24-325822,2026-09-14,2026-10-01,2028-09-30,Food & Beverage Business,LOCKPORT LANES LLC,ALLIE BRANDT LANES,6510 LINCOLN AVE,LOCKPORT,14094,Niagara
0370-25-219809-01,2026-09-14,2026-09-14,2026-10-31,Additional Bar-Seasonal,LSI OPS LLC,Little Sodus Inn,14451 Bell Ave,Fair Haven,13064,Cayuga
0371-26-154499,2026-09-14,2026-04-01,2026-11-30,Summer Food & beverage business,Rockaway Ocean Club Concessions LLC,Rockaway Ocean Club,157 Rockaway Beach Blvd,Rockaway Park,11694,Queens
0416-26-154437,2026-09-14,2026-09-14,2029-08-31,Restaurant Brewer,With Juju Inc,Teo Nomad,135 W 29th St,New York,10001,New York
0417-24-131853,2026-09-14,2026-10-01,2028-09-30,Cabaret,United Palace Events LLC,United Palace,4140 Broadway,New York,10033,New York
0417-24-131853-01,2026-09-14,2026-10-01,2028-09-30,Additional Bar,United Palace Events LLC,,4140 Broadway,New York,10033,New York
0422-22-210752,2026-09-14,2026-09-14,2028-08-31,Additional bar- legitimate theater,S U THEATRE CORPORATION,SYRACUSE STAGE/COYNE LOBBY,820 EAST GENESEE STREET,SYRACUSE,13210,Onondaga
0422-22-210797,2026-09-14,2026-09-14,2028-08-31,Additional bar- legitimate theater,S U THEATRE CORPORATION,SYRACUSE STAGE,820 EAST GENESEE STREET,SYRACUSE,13210,Onondaga
0422-22-210798,2026-09-14,2026-09-14,2028-08-31,Additional bar- legitimate theater,S U THEATRE CORPORATION,SYRACUSE STAGE/STORCH LOBB,820 EAST GENESEE STREET,SYRACUSE,13210,Onondaga
0423-22-103130,2026-09-14,2026-10-01,2028-09-30,Additional Bar,2158 RESTAURANT CORP,,2158 JERICHO TPKE,COMMACK,11725,Suffolk
0423-22-112440,2026-09-14,2026-10-01,2028-09-30,Additional Bar,"CITY WINERY NY - PIER 57, LLC",,25 11TH AVE,NEW YORK,10011,New York
0423-22-204189,2026-09-14,2026-10-01,2028-09-30,Additional Bar,POUGHKEEPSIE LANDING LLC,THE GRANDVIEW,176 RINALDI BOULEVARD,POUGHKEEPSIE,12601,Dutchess
0423-22-204190,2026-09-14,2026-10-01,2028-09-30,Additional Bar,POUGHKEEPSIE LANDING LLC,THE GRANDVIEW,176 RINALDI BOULEVARD,POUGHKEEPSIE,12601,Dutchess
0423-22-213694,2026-09-14,2026-09-14,2028-08-31,Additional Bar,COLGATE INN LLC & CH NEW YORK LLC,(BANQUET ROOM - 1ST FLOOR),1 PAYNE ST,HAMILTON,13346,Madison
CM-26-54379,2026-09-14,2026-09-14,2026-10-31,Combined Craft Status,"THE GREENPORT BREWING COMPANY, LLC",,,,,
CM-26-54434,2026-09-14,2026-09-14,2028-03-31,Combined Craft Status,"Helderberg Meadworks, LLC",,,,,
