reference,applied,address,permit_type,subtype,status,bedroom_limit,guest_limit,city_record
T8H13W,2026-09-11,1409 Carondelet St,Short Term Rental Commercial Owner,N/A,Pending,5,10,https://onestopapp.nola.gov/Redirect.aspx?SearchString=T8H13W
N2D6LP,2026-09-11,1203 Saint Roch Ave,Short Term Rental Commercial Owner,N/A,Pending,5,10,https://onestopapp.nola.gov/Redirect.aspx?SearchString=N2D6LP
EUYNH5,2026-09-11,722 Girod St Apt 201,Short Term Rental Commercial Owner,N/A,Pending,,,https://onestopapp.nola.gov/Redirect.aspx?SearchString=EUYNH5
TP2CHF,2026-09-11,1414 Erato St,Short Term Rental Commercial Owner,N/A,Issued,1,2,https://onestopapp.nola.gov/Redirect.aspx?SearchString=TP2CHF
1F7M3M,2026-09-11,1416 Erato St,Short Term Rental Commercial Owner,N/A,Issued,1,2,https://onestopapp.nola.gov/Redirect.aspx?SearchString=1F7M3M
1KVP6J,2026-09-11,1410 Erato St,Short Term Rental Commercial Owner,N/A,Issued,1,2,https://onestopapp.nola.gov/Redirect.aspx?SearchString=1KVP6J
YEWBG7,2026-09-11,734 Union St Unit 401,Short Term Rental Commercial Owner,N/A,Pending,2,4,https://onestopapp.nola.gov/Redirect.aspx?SearchString=YEWBG7
JQM5DK,2026-09-11,339 Carondelet St Apt 3D,Short Term Rental Commercial Owner,N/A,Pending,1,2,https://onestopapp.nola.gov/Redirect.aspx?SearchString=JQM5DK
PSLLXF,2026-09-10,1628 Thalia St,Short Term Rental Commercial Owner,N/A,Pending,5,10,https://onestopapp.nola.gov/Redirect.aspx?SearchString=PSLLXF
GUSCXS,2026-09-10,3029 Lafitte Ave,Short Term Rental Commercial Owner,N/A,Pending,2,4,https://onestopapp.nola.gov/Redirect.aspx?SearchString=GUSCXS
ACKXMW,2026-09-10,3027 Lafitte Ave,Short Term Rental Commercial Owner,N/A,Pending,2,4,https://onestopapp.nola.gov/Redirect.aspx?SearchString=ACKXMW
1A16YZ,2026-09-10,1416 Carondelet St Unit A,Short Term Rental Commercial Owner,N/A,Pending,1,2,https://onestopapp.nola.gov/Redirect.aspx?SearchString=1A16YZ
3757Y5,2026-09-10,1722 Clio St,Short Term Rental Commercial Owner,N/A,Issued,5,10,https://onestopapp.nola.gov/Redirect.aspx?SearchString=3757Y5
SZSVZ5,2026-09-10,3221 Canal St,Short Term Rental Commercial Owner,N/A,Withdrawn,5,10,https://onestopapp.nola.gov/Redirect.aspx?SearchString=SZSVZ5
LB4B6C,2026-09-10,4505 Dryades St,Short Term Rental Commercial Owner,N/A,Pending,5,10,https://onestopapp.nola.gov/Redirect.aspx?SearchString=LB4B6C
YHXNXN,2026-09-10,1421 Carondelet St,Short Term Rental Commercial Owner,N/A,Issued,5,10,https://onestopapp.nola.gov/Redirect.aspx?SearchString=YHXNXN
KV2Z7B,2026-09-10,5033 Freret St Apt 2A,Short Term Rental Commercial Owner,N/A,Pending,5,10,https://onestopapp.nola.gov/Redirect.aspx?SearchString=KV2Z7B
H14ZJL,2026-09-10,1413 Carondelet St,Short Term Rental Commercial Owner,N/A,Pending,5,10,https://onestopapp.nola.gov/Redirect.aspx?SearchString=H14ZJL
CC3HZR,2026-09-10,1222 Magazine St,Short Term Rental Commercial Owner,N/A,Pending,5,10,https://onestopapp.nola.gov/Redirect.aspx?SearchString=CC3HZR
UPSUN4,2026-09-09,722 Girod St Apt 504,Short Term Rental Commercial Owner,N/A,Pending,,,https://onestopapp.nola.gov/Redirect.aspx?SearchString=UPSUN4
5H1VSX,2026-09-09,722 Girod St Apt 503,Short Term Rental Commercial Owner,N/A,Pending,,,https://onestopapp.nola.gov/Redirect.aspx?SearchString=5H1VSX
33T3NV,2026-09-09,722 Girod St Apt 502,Short Term Rental Commercial Owner,N/A,Pending,,,https://onestopapp.nola.gov/Redirect.aspx?SearchString=33T3NV
YBPNB1,2026-09-09,722 Girod St Apt 501,Short Term Rental Commercial Owner,N/A,Pending,,,https://onestopapp.nola.gov/Redirect.aspx?SearchString=YBPNB1
6CA6S5,2026-09-09,722 Girod St Apt 404,Short Term Rental Commercial Owner,N/A,Pending,,,https://onestopapp.nola.gov/Redirect.aspx?SearchString=6CA6S5
UP7LYM,2026-09-09,722 Girod St Apt 403,Short Term Rental Commercial Owner,N/A,Pending,,,https://onestopapp.nola.gov/Redirect.aspx?SearchString=UP7LYM
BU3PZQ,2026-09-09,722 Girod St Apt 402,Short Term Rental Commercial Owner,N/A,Pending,,,https://onestopapp.nola.gov/Redirect.aspx?SearchString=BU3PZQ
1QBDMB,2026-09-09,722 Girod St Apt 401,Short Term Rental Commercial Owner,N/A,Pending,,,https://onestopapp.nola.gov/Redirect.aspx?SearchString=1QBDMB
NFNS2R,2026-09-09,722 Girod St Apt 304,Short Term Rental Commercial Owner,N/A,Pending,,,https://onestopapp.nola.gov/Redirect.aspx?SearchString=NFNS2R
YMEQND,2026-09-09,722 Girod St Apt 303,Short Term Rental Commercial Owner,N/A,Pending,,,https://onestopapp.nola.gov/Redirect.aspx?SearchString=YMEQND
RLSCM5,2026-09-09,722 Girod St Apt 302,Short Term Rental Commercial Owner,N/A,Pending,,,https://onestopapp.nola.gov/Redirect.aspx?SearchString=RLSCM5
ME76NY,2026-09-09,722 Girod St Apt 301,Short Term Rental Commercial Owner,N/A,Pending,,,https://onestopapp.nola.gov/Redirect.aspx?SearchString=ME76NY
GHKDG4,2026-09-09,722 Girod St Apt 204,Short Term Rental Commercial Owner,N/A,Pending,,,https://onestopapp.nola.gov/Redirect.aspx?SearchString=GHKDG4
YGGCV1,2026-09-09,722 Girod St Apt 203,Short Term Rental Commercial Owner,N/A,Pending,,,https://onestopapp.nola.gov/Redirect.aspx?SearchString=YGGCV1
1LT1X6,2026-09-09,209 Thayer St,Short Term Rental Commercial Owner,N/A,Issued,4,8,https://onestopapp.nola.gov/Redirect.aspx?SearchString=1LT1X6
1A17JA,2026-09-09,2657 Iberville St,Short Term Rental Commercial Owner,N/A,Pending,2,4,https://onestopapp.nola.gov/Redirect.aspx?SearchString=1A17JA
3KW4JN,2026-09-09,2655 Iberville St,Short Term Rental Commercial Owner,N/A,Pending,2,4,https://onestopapp.nola.gov/Redirect.aspx?SearchString=3KW4JN
APG5SQ,2026-09-08,1004 Verret St,Short Term Rental Commercial Owner,N/A,Pending,2,4,https://onestopapp.nola.gov/Redirect.aspx?SearchString=APG5SQ
S4WYWB,2026-09-08,125 N Genois St,Short Term Rental Commercial Owner,N/A,Issued,2,4,https://onestopapp.nola.gov/Redirect.aspx?SearchString=S4WYWB
E5CHJA,2026-09-08,1209 Magazine St,Short Term Rental Commercial Owner,N/A,Pending,5,10,https://onestopapp.nola.gov/Redirect.aspx?SearchString=E5CHJA
RLMMDD,2026-09-07,843 Carondelet St,Short Term Rental Commercial Owner,N/A,Pending,5,10,https://onestopapp.nola.gov/Redirect.aspx?SearchString=RLMMDD
YVYAC2,2026-09-07,1115 Margaret Pl Unit 303,Short Term Rental Commercial Owner,N/A,Pending,2,4,https://onestopapp.nola.gov/Redirect.aspx?SearchString=YVYAC2
616A7C,2026-09-07,330 S Diamond St,Short Term Rental Commercial Owner,N/A,Issued,5,10,https://onestopapp.nola.gov/Redirect.aspx?SearchString=616A7C
G4R3GY,2026-09-07,2622 Bayou Rd,Short Term Rental Commercial Owner,N/A,Pending,2,4,https://onestopapp.nola.gov/Redirect.aspx?SearchString=G4R3GY
L31GYA,2026-09-07,5607 Tchoupitoulas St,Short Term Rental Commercial Owner,N/A,Pending,1,2,https://onestopapp.nola.gov/Redirect.aspx?SearchString=L31GYA
ET7HQF,2026-09-07,5605 Tchoupitoulas St,Short Term Rental Commercial Owner,N/A,Pending,1,2,https://onestopapp.nola.gov/Redirect.aspx?SearchString=ET7HQF
WHEFZY,2026-09-05,3900 Baronne St,Short Term Rental Commercial Owner,N/A,Pending,2,4,https://onestopapp.nola.gov/Redirect.aspx?SearchString=WHEFZY
