entity_id,name,formed,entity_type,status,jurisdiction,street,street_2,city,state,zip,agent_organization,agent_city
20268198723,BlueSummit Signing Solutions LLC,2026-09-26,DLLC,Good Standing,CO,1500 N Grant St,Ste N,Denver,CO,80203,Northwest Registered Agent LLC,Denver
20268205150,VELOZ TRADING INTERNATIONAL LLC,2026-09-26,DLLC,Good Standing,CO,1500 N GRANT ST 5656,,DENVER,CO,80203,Registered Agents Inc,Denver
20268205151,Eduardo Brown LLC,2026-09-26,DLLC,Good Standing,CO,9275 Oro City Loop,,Colorado Springs,CO,80927,,Colorado Springs
20268205163,GENERAL SOLUTIONS TRADING LLC,2026-09-26,DLLC,Good Standing,CO,1500 N GRANT ST 5656,,DENVER,CO,80203,Registered Agents Inc,Denver
20268205184,Lobl properties LLC,2026-09-26,DLLC,Good Standing,CO,6530 Cabana Cir,,Colorado Springs,CO,80923,"UNITED STATES CORPORATION AGENTS, INC.",Greenwood Village
20268205200,LIANGZHIYUANEK LLC,2026-09-26,DLLC,Good Standing,CO,765 W Baptist Rd,,Colorado Springs,CO,80921,ALIKGARG LLC,ELIZABETH
20268205209,"Quiet Signal, LLC",2026-09-26,DLLC,Good Standing,CO,1500 N Grant St Ste R,,Denver,CO,80203,Registered Agents Inc,Denver
20268205231,C.F.C LLC,2026-09-26,DLLC,Good Standing,CO,1500 N GRANT ST 5656,,DENVER,CO,80203,Registered Agents Inc,Denver
20268205274,"VALOR INSTITUTE, INC.",2026-09-26,DNC,Good Standing,CO,9665 County Road 141,,Hesperus,CO,81326,,Hesperus
20268205288,Wardwhistle LLC,2026-09-26,DLLC,Good Standing,CO,2846 Newport Cir,,Grand Junction,CO,81503,,Grand Junction
20268205290,"ASK RDN, LLC",2026-09-26,DLLC,Good Standing,CO,2712 Granada Hills Dr,,Fort Collins,CO,80525,,Fort Collins
20268205297,Kaisermatch LLC,2026-09-26,DLLC,Good Standing,CO,1500 N Grant St,Ste N,Denver,CO,80203,Northwest Registered Agent LLC,Denver
20268205308,Excalibur Companies LLC,2026-09-26,DLLC,Good Standing,CO,42200 bush rd,,Avondale,CO,81022,,Avondale
20268205324,Premier Crypto Consulting LLC,2026-09-26,DLLC,Good Standing,CO,14460 Hudson St,,Thornton,CO,80602,Northwest Registered Agent LLC,Denver
20268205328,Link Art Co. LLC,2026-09-26,DLLC,Good Standing,CO,2565 Nova Rd,,Pine,CO,80470,,Pine
20268205335,Peak Paws Nutrition corp,2026-09-26,DPC,Good Standing,CO,4014 S Acoma St,,Englewood,CO,80110,,Englewood
20268205340,The Giving Table LLC,2026-09-26,DLLC,Good Standing,CO,135 S Ellicott Hwy,,Calhan,CO,80808,,Calhan
20268205355,Voryqen Capital Technologies Inc.,2026-09-26,DPC,Good Standing,CO,1580 Logan St Floor 6,,Denver,CO,80203,Rocky Mountain RA LLC,Denver
20268205388,JTB Meridian Commerce LLC,2026-09-26,DLLC,Good Standing,CO,1229 W Cruces St,,Wilmington,CA,90744,Silverpath Global LLC,Aurora
20268205399,Western Colorado Marketplace LLC,2026-09-26,DLLC,Good Standing,CO,68135 Utopia Ln,,Montrose,CO,81403,,Montrose
20268205414,Kince Insight Limited,2026-09-26,DPC,Good Standing,CO,1660 Lincoln St Ste 2500,,Denver,CO,80264,Rocky Mountain RA LLC,Denver
20268205436,Old Pals LLC,2026-09-26,DLLC,Good Standing,CO,106 Schooner Dr,,Lakeway,TX,78738,Rocky Mountain RA LLC,Denver
20268205443,Claremont Corp LLC,2026-09-26,DLLC,Good Standing,CO,1924 Magnolia St,,Denver,CO,80220,,Denver
20268205456,Dr. David Wiebe PLLC,2026-09-26,DLLC,Good Standing,CO,8932 Eastridge Rd,,Golden,CO,80403,,Golden
20268205463,FLY Advertising Marketing Ltd.,2026-09-26,DPC,Good Standing,CO,"200 17th Street, Tabor Center One",,Denver,CO,80202,Rocky Mountain RA LLC,Denver
