usdot,legal_name,dba_name,registered,status,operation,class,street,city,state,zip,phone,email,power_units,drivers,entity_type,mcs150_date
9552190,GUARDIANFREIGHT,,2026-10-03,A,C,AUTHORIZED FOR HIRE,2708 GRAND AVE S APT 204,MINNEAPOLIS,MN,55408,***-***-**20,G***@GMAIL.COM,1,4,,
9255910,DEREK OVERHOFF,,2026-10-03,A,C,PRIVATE PROPERTY;AUTHORIZED FOR HIRE,13059 NEW OREGON RD,LAWTONS,NY,14091-9790,***-***-**21,O***@HOTMAIL.COM,2,1,,
8722611,BKR TRUCKLINE LLC,,2026-10-03,A,A,AUTHORIZED FOR HIRE,102 W DIAMOND LAKE RD APT 310,MINNEAPPOLIS,MN,55419,***-***-**09,B***@GMAIL.COM,1,1,,
8517357,GILLENS & COMPANY LLC,,2026-10-03,A,A,AUTHORIZED FOR HIRE,828 RIVERWALK WAY,IRMO,SC,29063,***-***-**88,E***@GMAIL.COM,1,4,,
7811176,RAMSEYS QUICK AND FAST JUNK REMOVAL,,2026-10-03,A,C,AUTHORIZED FOR HIRE,6750 PEACHTREE IND BLVD APT 801,DORAVILLE,GA,30360,***-***-**99,R***@GMAIL.COM,1,2,,
7204868,SAN ANTONIO FIRE PARTIES LLC,,2026-10-03,A,C,PRIVATE PROPERTY,12473 BELFORT PT,SCHERTZ,TX,78154,***-***-**33,T***@FANTASTICFIREDEPT.COM,4,1,,
6949698,INVENORTE LLC,,2026-10-03,A,A,AUTHORIZED FOR HIRE,6313 ARDSLEY SQ APT 201A,VIRGINA BEACH,VA,23454,***-***-**86,I***@GMAIL.COM,1,1,,
9988653,LOADHORN LLC,,2026-10-02,A,C,,145 BAUER RD,MONACA,PA,15061-2203,***-***-**21,V***@FACTORYUSA.COM,0,,,
9981996,ELITE HOME INSPECTION,JOE BAKER,2026-10-02,A,C,AUTHORIZED FOR HIRE,613 SW 113TH ST,OKLAHOMA CITY,OK,73170,***-***-**52,I***@GMAIL.COM,4,2,,
9919911,608 MECHANICAL INC.,,2026-10-02,A,C,PRIVATE PROPERTY;AUTHORIZED FOR HIRE,711 W NORTH ST,POYNETTE,WI,53955-8905,***-***-**80,G***@608MECHANICAL.COM,1,9,,
9909167,HOSANNA CHILDREN LLC,HOSANNA MEDICAL COURIER SERVICE,2026-10-02,A,C,AUTHORIZED FOR HIRE,6674 SAND DUNES STREET,EASTVALE,CA,92880,***-***-**34,L***@HOSANNACHILDRENGROUPHOME.COM,4,3,,
9909164,SAFE TRANSPORT LLC,,2026-10-02,A,A,AUTHORIZED FOR HIRE,5413 AURORA AVE APT 233,DES MOINES,IA,50310,***-***-**97,S***@GMAIL.COM,2,1,,
9891275,CLARUNS TRANSPORTATION LLC,,2026-10-02,A,A,AUTHORIZED FOR HIRE,1415 NW 69TH ST,MIAMI,FL,33147-7153,***-***-**93,B***@GMAIL.COM,1,1,,
9887808,GEN III LLC,,2026-10-02,A,C,AUTHORIZED FOR HIRE,1245 E CANYON GATE ROAD,PARK CITY,UT,84098,***-***-**06,R***@GMAIL.COM,2,1,,
9880160,ROBERT F SHUMAKER,SHU-LACE FARM,2026-10-02,A,C,PRIVATE PROPERTY,4808 LACEY LAKE RD,BELLEVUE,MI,49021,***-***-**57,C***@GMAIL.COM,2,4,,
9878594,GREEN HILLS LANDSCAPING AND CONSTRUCTION INC,,2026-10-02,A,C,PRIVATE PROPERTY,894 CENTRE STREET,BROCKTON,MA,02302,***-***-**10,C***@GMAIL.COM,6,2,,2026-10-02
9854609,N.E.O CREW LLC,,2026-10-02,A,A,AUTHORIZED FOR HIRE;EXEMPT FOR HIRE,142 MICHIGAN ST,GOODING,ID,83330-1140,***-***-**70,L***@ICLOUD.COM,1,1,,
9842608,MADAS TRANSPORT LLC,,2026-10-02,A,A,AUTHORIZED FOR HIRE,7433 LEY RD,HOUSTON,TX,77028,***-***-**38,M***@GMAIL.COM,2,2,,
9834966,WHITE BROKERAGE INC,,2026-10-02,A,C,,157 W HAYDEN AVE SUITE 309,HAYDEN,ID,83835,***-***-**09,J***@LIVE.COM,0,,,
9830682,MILA TRUCKING LLC,,2026-10-02,A,A,AUTHORIZED FOR HIRE,1350 N GREENVILLE AVE APT 6304,RICHADRSON,TX,75081,***-***-**02,D***@GMAIL.COM,1,1,,
9820602,M2 LOGISTICS LLC,,2026-10-02,A,A,AUTHORIZED FOR HIRE,11245 DOVERWOOD DR,RIVERSIDE,CA,92505,***-***-**27,O***@GMAIL.COM,2,2,,
9815813,B&M CONSTRUCTION,,2026-10-02,A,A,PRIVATE PROPERTY;AUTHORIZED FOR HIRE,19005 NE CEDAR CREEK RD,AMBOY,WA,98601,***-***-**04,S***@GMAIL.COM,3,4,,
9798803,PROFESSIONAL RELOCATION SERVICES LLC,,2026-10-02,A,C,,16100 CABARRUS RD,CHARLOTTE,NC,28227-6466,***-***-**21,I***@PROFESSIONALRELOSERVICES.COM,0,,,
9786988,GOTTA GUY LLC,,2026-10-02,A,A,AUTHORIZED FOR HIRE,22595 JONES- DELAWARE RD,HOPKINTON,IA,52237,***-***-**34,G***@GOTTAGUYHAULING.COM,2,4,,
9783766,BANDI LLC,,2026-10-02,A,C,AUTHORIZED FOR HIRE,3400 5TH ST W,LEHIGH ACRES,FL,33971,***-***-**79,R***@GMAIL.COM,1,1,,
