registration,approved,address,ward,expires
R22000090272,2026-09-13,"4951 W EDDY ST, Chicago, IL 60641, United States",31,2027-10-15
R23000109870,2026-09-13,"4038 N Drake AVE Unit B, Chicago, IL 60618, United States",33,2027-10-15
R24000121227,2026-09-13,"4050 W George ST, Chicago, IL 60641, United States",31,2027-10-15
R26000145249,2026-09-13,"9933 S Beverly AVE, Chicago, IL 60643, United States",21,2027-09-15
R21000071777,2026-09-12,"5624 N Odell AVE, Chicago, IL 60631, United States",41,2027-10-15
R21000072480,2026-09-12,"4609 N Campbell AVE # 1, Chicago, IL 60625, United States",47,2027-10-15
R22000091112,2026-09-12,"1437 W Lunt AVE Apt 1S, Chicago, IL 60626, United States",49,2027-10-15
R23000108115,2026-09-12,"2623 N Harding AVE Apt 1, Chicago, IL 60647, United States",35,2027-09-15
R25000133869,2026-09-12,"4325 N Bernard ST Apt 2, Chicago, IL 60618, United States",33,2027-10-15
R17000017804,2026-09-11,"4115 North Lawler Avenue, Chicago, IL 60641, United States",38,2026-09-15
R18000031907,2026-09-11,"2940 North Albany Avenue Unit 3, Chicago, IL 60618, United States",35,2026-09-15
R19000047696,2026-09-11,"737 West Gordon Terrace, Chicago, IL 60613, US",46,2026-09-15
R20000059819,2026-09-11,"3851 North Kildare Avenue 2, Chicago, IL 60641, US",30,2027-10-15
R21000069368,2026-09-11,"2300 N neva , Chicago, IL 60707, United States",29,2027-08-15
R21000072639,2026-09-11,"3539 N DAMEN AVE Garden 1, Chicago, IL 60618, United States",47,2026-10-15
R22000088568,2026-09-11,"1930 N Winchester Garden 1, Chicago, IL 60622, United States",32,2026-09-15
R22000089010,2026-09-11,"1441 N Cleveland AVE Unit F, Chicago, IL 60610, United States",27,2026-09-15
R22000090582,2026-09-11,"2215 W Rice ST Unit 2, Chicago, IL 60622, United States",36,2027-10-15
R23000108624,2026-09-11,"1074 N Hermitage AVE Unit 2R, Chicago, IL 60622, United States",1,2026-09-15
R23000109364,2026-09-11,"3538 W Melrose ST Apt. 2, Chicago, IL 60618, United States",35,2026-10-15
R23000110104,2026-09-11,"209 N Morgan ST Apt 201, Chicago, IL 60607, United States",27,2026-10-15
R24000120929,2026-09-11,"6236 W Cuyler AVE, Chicago, IL 60634, United States",38,2027-09-15
R24000120935,2026-09-11,"1228 N Campbell AVE # 3, Chicago, IL 60622, United States",26,2026-09-15
R24000121395,2026-09-11,"2042 W Warren BLVD, Chicago, IL 60612, United States",27,2026-10-15
R24000121883,2026-09-11,"1642 N Artesian AVE FL 1, Chicago, IL 60647, United States",1,2026-10-15
R24000121974,2026-09-11,"410 E 78th ST Apt 2, Chicago, IL 60619, United States",6,2026-10-15
R24000122092,2026-09-11,"6445 N Magnolia AVE Apt 1, Chicago, IL 60626, United States",49,2027-10-15
R25000132638,2026-09-11,"840 W Grand AVE Apt 3W, Chicago, IL 60642, United States",27,2026-09-15
R25000132685,2026-09-11,"1465 W Chicago AVE Apt 3, Chicago, IL 60642, United States",27,2026-09-15
R25000132841,2026-09-11,"3633 W Fullerton AVE FL 2, Chicago, IL 60647, United States",35,2026-09-15
R25000132979,2026-09-11,"1810 S Melody CT, Chicago, IL 60616, United States",11,2026-09-15
R25000133612,2026-09-11,"6948 N Ashland BLVD Apt. 1B, Chicago, IL 60626, United States",49,2026-09-15
R25000133613,2026-09-11,"2025 W Granville AVE Apt 308, Chicago, IL 60659, United States",40,2026-09-15
R25000133668,2026-09-11,"5045 N Melvina AVE, Chicago, IL 60630, United States",45,2026-10-15
R25000133695,2026-09-11,"1801 W Larchmont AVE Unit 101, Chicago, IL 60613, United States",47,2027-09-15
R25000134324,2026-09-11,"2550 S Wabash AVE Apt 502, Chicago, IL 60616, United States",3,2027-10-15
R25000134380,2026-09-11,"2550 S Wabash AVE Apt 207, Chicago, IL 60616, United States",3,2027-10-15
R25000134415,2026-09-11,"2550 S Wabash AVE Apt 201, Chicago, IL 60616, United States",3,2027-10-15
R26000145228,2026-09-11,"3522 S Honore ST Unit 1, Chicago, IL 60609, United States",12,2027-09-15
R26000145233,2026-09-11,"6128 S Carpenter ST, Chicago, IL 60621, United States",16,2027-08-15
R17000015541,2026-09-10,"321 West 24th Place 2nd Floor, Chicago, IL 60616, United States",11,2027-09-15
R20000056943,2026-09-10,"3032 North Southport Avenue, Chicago, IL 60657, US",32,2027-09-15
R21000070481,2026-09-10,"4943 N Kimball AVE Apt 1E, Chicago, IL 60625, United States",33,2027-09-15
R21000071696,2026-09-10,"1074 N Hermitage AVE # 1R, Chicago, IL 60622, United States",1,2026-10-15
R24000121377,2026-09-10,"7556 S Kenwood AVE Unit 1, Chicago, IL 60619, United States",8,2026-10-15
R25000133019,2026-09-10,"709 W 47th ST Unit 2, Chicago, IL 60609, United States",15,2027-07-15
R25000133051,2026-09-10,"1109 W Grace ST Apt 2, Chicago, IL 60613, United States",44,2027-09-15
R25000133074,2026-09-10,"315 S Peoria ST Unit 708, Chicago, IL 60607, United States",34,2026-09-15
R25000133075,2026-09-10,"315 S Peoria ST Unit 707, Chicago, IL 60607, United States",34,2026-09-15
R25000133076,2026-09-10,"315 S Peoria ST Unit 607, Chicago, IL 60607, United States",34,2026-09-15
R25000133077,2026-09-10,"315 S Peoria ST Unit 611, Chicago, IL 60607, United States",34,2026-09-15
R25000133078,2026-09-10,"315 S Peoria ST Unit 610, Chicago, IL 60607, United States",34,2026-09-15
R25000133079,2026-09-10,"315 S Peoria ST Unit 614, Chicago, IL 60607, United States",34,2026-09-15
R25000133152,2026-09-10,"3906 W Roscoe ST Apt 1, Chicago, IL 60618, United States",30,2027-09-15
R25000133158,2026-09-10,"3429 N Marshfield AVE Apt N3, Chicago, IL 60657, United States",47,2027-09-15
R25000133288,2026-09-10,"59 E Van Buren ST Apt 2504, Chicago, IL 60605, United States",34,2026-09-15
R25000133310,2026-09-10,"1128 W Addison ST # 1, Chicago, IL 60613, United States",44,2026-09-15
R25000133374,2026-09-10,"2547 S Wallace ST Apt 2R, Chicago, IL 60616, United States",11,2027-09-15
R25000133818,2026-09-10,"3808 N Kenmore AVE Unit 1E, Chicago, IL 60613, United States",46,2027-10-15
R25000133933,2026-09-10,"4854 W Melrose ST, Chicago, IL 60641, United States",31,2027-10-15
R26000145198,2026-09-10,"160 W Schiller ST FL 1REAR, Chicago, IL 60610, United States",2,2027-09-15
R26000145213,2026-09-10,"601 W Jackson BLVD Unit 502, Chicago, IL 60661, United States",34,2027-09-15
R26000145221,2026-09-10,"33 S Ashland AVE Unit 102, Chicago, IL 60607, United States",34,2027-09-15
R22000091852,2026-09-09,"3520 W Carmen AVE, Chicago, IL 60625, United States",39,2027-10-15
R23000109918,2026-09-09,"144 W Erie ST Unit 801, Chicago, IL 60654, United States",42,2027-10-15
R23000109919,2026-09-09,"144 W Erie ST Unit 802, Chicago, IL 60654, United States",42,2027-10-15
R23000109920,2026-09-09,"144 W Erie ST Unit 803, Chicago, IL 60654, United States",42,2027-10-15
R24000120578,2026-09-09,"1902 N Bissell ST Unit 2, Chicago, IL 60614, United States",43,2027-09-15
R24000120606,2026-09-09,"318 W Grand AVE STE 301, Chicago, IL 60654, United States",42,2027-09-15
R24000120622,2026-09-09,"6545 S RHODES AVE, Chicago, IL 60637, United States",20,2027-09-15
R25000132814,2026-09-09,"320 N kedzie AVE, Chicago, IL 60612, United States",28,2027-09-15
R25000134461,2026-09-09,"1211 N LaSalle DR Unit 802, Chicago, IL 60610, United States",2,2027-10-15
R25000134534,2026-09-09,"1211 N LaSalle DR Unit 803, Chicago, IL 60610, United States",2,2027-10-15
R25000134535,2026-09-09,"1211 N LaSalle DR Unit 1202, Chicago, IL 60610, United States",2,2027-10-15
R26000145160,2026-09-09,"1423 W Highland AVE FL 1, Chicago, IL 60660, United States",48,2027-09-15
R26000145167,2026-09-09,"449 N Elizabeth ST Unit 2N, Chicago, IL 60642, United States",27,2027-09-15
R26000145179,2026-09-09,"4615 N Lincoln AVE # 107, Chicago, IL 60625, United States",47,2027-08-15
R26000145180,2026-09-09,"4321 S Whipple ST Apt 1, Chicago, IL 60632, United States",12,2027-09-15
R26000145193,2026-09-09,"3549 N Octavia AVE, Chicago, IL 60634, United States",38,2027-09-15
R26000145194,2026-09-09,"3517 W Palmer ST Apt 1, Chicago, IL 60647, United States",35,2027-09-15
R26000145209,2026-09-09,"318 W Grand AVE Unit 303, Chicago, IL 60654, United States",42,2027-09-15
R26000145210,2026-09-09,"339 W 24th ST Apt 2R, Chicago, IL 60616, United States",11,2027-09-15
R26000145211,2026-09-09,"1828 S Wentworth AVE Unit 5f, Chicago, IL 60616, United States",11,2027-08-15
R17000015595,2026-09-08,"4616 North Ashland Avenue Unit D, Chicago, IL 60640, United States",47,2027-09-15
R19000043215,2026-09-08,"4517 South Leamington Avenue, Chicago, IL 60638, US",22,2026-09-15
R19000048768,2026-09-08,"3420 North Janssen Avenue Floor 2, Chicago, IL 60657, US",44,2027-10-15
R21000062759,2026-09-08,"1151 West Waveland Avenue 1, Chicago, IL 60613, US",44,2027-09-15
R21000071076,2026-09-08,"641 W Grand AVE Apt 2F, Chicago, IL 60654, United States",27,2027-09-15
R21000071260,2026-09-08,"866 N State ST Unit 2, Chicago, IL 60610, United States",42,2027-09-15
R21000071847,2026-09-08,"4871 1/2 N Hermitage AVE Apt 2w, Chicago, IL 60640, United States",47,2027-10-15
R21000075328,2026-09-08,"2559 N BERNARD ST GARDEN GARDEN, Chicago, IL 60647, United States",35,2027-10-15
R22000088961,2026-09-08,"4710 N albany AVE Apt 1, Chicago, IL 60625, United States",33,2027-09-15
R22000090940,2026-09-08,"859 W Lill AVE Apt 3, Chicago, IL 60614, United States",43,2027-10-15
R22000091334,2026-09-08,"410 W Surf ST, Chicago, IL 60657, United States",44,2026-10-15
R22000091692,2026-09-08,"1735 W Gregory ST Apt 1, Chicago, IL 60640, United States",40,2027-10-15
R23000108421,2026-09-08,"3858 W wrightwood Apt 1, Chicago, IL 60647, United States",35,2027-09-15
R23000108754,2026-09-08,"4741 N knox AVE, Chicago, IL 60630, United States",39,2026-09-15
R23000109595,2026-09-08,"1913 W Armitage AVE Unit 2RW, Chicago, IL 60622, United States",32,2026-10-15
R24000120838,2026-09-08,"1919 S May ST Garden B, Chicago, IL 60608, United States",25,2027-09-15
R24000121567,2026-09-08,"6735 S Eberhart AVE Apt 1, Chicago, IL 60637, United States",6,2026-10-15
R25000133084,2026-09-08,"5136 W Agatite AVE Apt 3, Chicago, IL 60630, United States",45,2026-09-15
R25000133118,2026-09-08,"4603 N Campbell AVE Unit 1, Chicago, IL 60625, United States",47,2027-09-15
R25000133119,2026-09-08,"2503 N Lincoln AVE Apt 3, Chicago, IL 60614, United States",43,2027-09-15
R25000133121,2026-09-08,"1472 W Erie ST Unit 1R, Chicago, IL 60642, United States",27,2027-09-15
R25000133122,2026-09-08,"1439 W Lunt AVE Apt 2E, Chicago, IL 60626, United States",49,2027-09-15
R25000133123,2026-09-08,"4458 N Kedzie AVE Unit 3F, Chicago, IL 60625, United States",33,2027-09-15
R25000133633,2026-09-08,"1920 S Leavitt ST Unit 2, Chicago, IL 60608, United States",25,2027-10-15
R25000133677,2026-09-08,"712 W 26th ST Unit 1, Chicago, IL 60616, United States",11,2027-09-15
R26000145150,2026-09-08,"949 W Huron ST, Chicago, IL 60642, United States",27,2027-09-15
R26000145158,2026-09-08,"3124 N Davlin CT BSMT Garden, Chicago, IL 60618, United States",31,2027-08-15
R26000145171,2026-09-08,"2328 N kilpatrick AVE, Chicago, IL 60639, United States",31,2027-09-15
R26000145172,2026-09-08,"1320 N Astor ST Apt 1, Chicago, IL 60610, United States",43,2027-09-15
R21000072271,2026-09-07,"1912 N Cleveland AVE Unit D, Chicago, IL 60614, United States",43,2027-10-15
R22000090024,2026-09-07,"2200 N Clybourn AVE Unit 2, Chicago, IL 60614, United States",32,2027-10-15
R25000133533,2026-09-07,"4038 N Central AVE, Chicago, IL 60634, United States",38,2027-10-15
R25000133694,2026-09-07,"1854 N Lincoln AVE Unit G, Chicago, IL 60614, United States",43,2027-10-15
R25000134434,2026-09-07,"8825 S Oglesby AVE, Chicago, IL 60617, United States",8,2027-10-15
R26000145124,2026-09-07,"2033 W Washington BLVD, Chicago, IL 60612, United States",27,2027-09-15
