license_id,license_start,license_type,business_activity,legal_name,dba_name,address,city,state,zip,community_area,neighborhood,status
3073907,2026-09-18,Outdoor Patio,Sale of Liquor Outdoors on Private Property,TIMELINE THEATRE COMPANY,TIMELINE THEATRE COMPANY,5035 N BROADWAY 1-5,CHICAGO,IL,60640,UPTOWN,UPTOWN,AAI
3078677,2026-09-18,Tobacco,Retail Sales of Tobacco Products and Accessories (Less Than 80% Gross Revenue of Business),TOPOGRAPHY HOSPITALITY LLC,THE LAKE,205 W SUPERIOR ST BASEMENT-5TH FLOORS,CHICAGO,IL,60654,NEAR NORTH SIDE,RIVER NORTH,AAI
3083197,2026-09-18,Consumption on Premises - Incidental Activity,Consumption of Liquor on Premises,"Lucrative Hospitality, Inc.",Innjoy,2051 W DIVISION ST 1,CHICAGO,IL,60622,WEST TOWN,UKRAINIAN VILLAGE,AAI
3095424,2026-09-18,Children's Services Facility License,After School Program / Tutoring Children Under 18 Years of Age,PORT PARMA LEARNING ACADEMY INC.,PORT PARMA LEARNING ACADEMY INC.,2010 W MONTROSE AVE,CHICAGO,IL,60618,LINCOLN SQUARE,LINCOLN SQUARE,AAI
3099659,2026-09-18,Retail Food Establishment,Sale of Food Prepared Onsite With Dining Area | Preparation and Sale of Coffee and/or Drinks,HOT GLIZZYS LLC,HOT GLIZZYS,185 N FRANKLIN ST 101,CHICAGO,IL,60606,LOOP,LOOP,AAI
3100151,2026-09-18,Retail Food Establishment,Preparation of Food and Dining on Premises With Seating,BRYAN ERIC GARCIA,TAQUERIA EL DORADO Z,2727 W FULLERTON AVE,CHICAGO,IL,60647,LOGAN SQUARE,LOGAN SQUARE,AAI
3100544,2026-09-18,Limited Business License,Sale of Vehicle Parts and Accessories,NEW WHEELS AND TIRES LLC,NEW WHEELS AND TIRES,5821 S ARCHER AVE 1ST,CHICAGO,IL,60638,GARFIELD RIDGE,GARFIELD RIDGE,AAI
3100578,2026-09-18,Special Event Liquor,"Special Event Beer, Wine & Spirits","COMMONWEALTH VENTURES, LLC","PICCADILLY MARKET AND PICCADILLY I, LLC",4749 N ROCKWELL ST,CHICAGO,IL,60625,LINCOLN SQUARE,LINCOLN SQUARE,AAI
3100596,2026-09-18,Pop-Up Retail User,Sale of General Merchandise at Flea Market 181-365 Consecutive Days,RAUL MARTINEZ & ROSALINDA MARTINEZ,MARTINEZ,4100 S ASHLAND AVE 766,CHICAGO,IL,60609,NEW CITY,NEW CITY,AAI
3103857,2026-09-18,Limited Business License,Provide Computer Design/Development Consulting,CGI TECHNOLOGIES AND SOLUTIONS INC.,CGI TECHNOLOGIES AND SOLUTIONS INC,311 S WACKER DR 4950,CHICAGO,IL,60606,LOOP,LOOP,AAI
3103892,2026-09-18,Pharmaceutical Representative,Markets / Promotes Pharmaceuticals to Health Care Professionals and Conducts Business for More than 15 Calendar Days per Year,MATTHEW SANDER,MATTHEW SANDER,[REDACTED FOR PRIVACY],ARLINGTON HEIGHTS,IL,60005,,,AAI
3103915,2026-09-18,Motor Vehicle Services License,Provide Oil Change and Tire Repair Services | Motor Vehicle Repair - Engine and Transmission Work | Retail Sales of General Merchandise and Non-Perishable Food | Sale of Vehicle Parts and Accessories | Install/Replace Car Batteries,TIGER AUTO PARTS AND REPAIR LLC,TIGER AUTO PARTS AND REPAIR,707-711 N ASHLAND AVE,CHICAGO,IL,60622,WEST TOWN,WEST TOWN,AAI
3103941,2026-09-18,Special Event Food,5 Day Single Event - Special Event Food,STIX PRETZELS LLC,STIX PRETZELS,445 W MELROSE ST 2A,CHICAGO,IL,60657,LAKE VIEW,LAKE VIEW,AAI
3103943,2026-09-18,Special Event Food,5 Day Single Event - Special Event Food,BURGER FACTORY ILLINOIS LLC,BURGER FACTORY,3455 N CLARK ST,CHICAGO,IL,60657,LAKE VIEW,WRIGLEYVILLE,AAI
3103948,2026-09-18,Limited Business License,Miscellaneous Commercial Services | Operation of a Delivery Service,Ryan Davies LLC,RYAN DAVIES LLC,2233 S WABASH AVE 1ST,CHICAGO,IL,60616,NEAR SOUTH SIDE,NEAR SOUTH SIDE,AAI
3103964,2026-09-18,Limited Business License,Nail Services,"V-FAM, INC.",PARIS NAILS,2849 W ARMITAGE AVE,CHICAGO,IL,60647,LOGAN SQUARE,LOGAN SQUARE,AAI
3103970,2026-09-18,Limited Business License,Retail Sales of General Merchandise | Retail Sales of Clothing / Accessories / Shoes,MEYAN INC.,STITCH N PRINT III,11630 S MARSHFIELD AVE,CHICAGO,IL,60643,MORGAN PARK,MORGAN PARK,AAI
3103977,2026-09-18,Limited Business License,Retail Sales of General Merchandise,OLD SKOOL TCG LLC,OLD SKOOL TCG,3032 N MILWAUKEE AVE,CHICAGO,IL,60618,AVONDALE,AVONDALE,AAI
3103982,2026-09-18,Special Event Liquor,Special Event Beer & Wine,PREMIER CATERING & EVENTS LLC,PREMIER CATERING & EVENTS LLC,601 W MONTROSE DR,CHICAGO,IL,60613,UPTOWN,UPTOWN,AAI
3103983,2026-09-18,Peddler License,"Peddler- Retail Sales of General Merchandise, Whole Uncut Fruits/Vegetables, Flowers, Moving Along the Public Way",BRYANNA N NORWOOD,BRYANNA N HARRISON,4719 W HARRISON ST 1 1,CHICAGO,IL,60644,AUSTIN,AUSTIN,AAI
3103984,2026-09-18,Special Event Liquor,Special Event Beer & Wine,PREMIER CATERING & EVENTS LLC,PREMIER CATERING & EVENTS LLC,111 N LAKE SHORE DR,CHICAGO,IL,,LOOP,LOOP,AAI
3103985,2026-09-18,Pop-Up Retail User,Organizer of Event with Retail Vendors (1-5 Day Show),"CHICAGO EVENT MANAGEMENT, INC.",CHICAGO EVENT MANAGEMENT,110 N WACKER DR,CHICAGO,IL,60606,LOOP,LOOP,AAI
3104014,2026-09-18,Special Event Liquor,"Special Event Beer, Wine & Spirits",EMPTY BOTTLE INC,EMPTY BOTTLE INC.,1035 N WESTERN AVE,CHICAGO,IL,60622,WEST TOWN,UKRAINIAN VILLAGE,AAI
3104017,2026-09-18,Pop-Up Retail User,Organizer of Event with Retail Vendors (1-5 Day Show),EMPTY BOTTLE INC,EMPTY BOTTLE INC.,1035 N WESTERN AVE,CHICAGO,IL,60622,WEST TOWN,UKRAINIAN VILLAGE,AAI
3104018,2026-09-18,Pop-Up Retail User,Organizer of Event with Retail Vendors (1-5 Day Show),MARIO ALBERTO MALDONADO,CHICAGOMIDWESTMADE,1905 W 19TH ST,CHICAGO,IL,60608,LOWER WEST SIDE,LOWER WEST SIDE,AAI
3104032,2026-09-18,Motor Vehicle Services License,Motor Vehicle Repair - No Engine Work/No Body Work,"TREAD LIGHTLY TIRES, INC.","TREAD LIGHTLY TIRES, INC.",75 E 71ST ST,CHICAGO,IL,60619,GREATER GRAND CROSSING,GRAND CROSSING,AAI
3104033,2026-09-18,Regulated Business License,Home Repair Services,"HI-TEK IRON WORKS, INC.",HI-TEK IRON WORKS,4343 S OAKLEY AVE,CHICAGO,IL,60609,NEW CITY,NEW CITY,AAI
3104040,2026-09-18,Limited Business License,Hair Services | Retail Sales of General Merchandise,CHICKIE CURLS STUDIO LLC,CHICKIE CURLS STUDIO LLC,1007 E 53RD ST,CHICAGO,IL,60615,HYDE PARK,HYDE PARK,AAI
2917819,2026-09-17,Special Event Food,5 Day Single Event - Special Event Food,LOGAN VEGAN LLC,LOGAN VEGAN,2535 N KEDZIE BLVD,CHICAGO,IL,60647,LOGAN SQUARE,LOGAN SQUARE,AAI
3056464,2026-09-17,Children's Services Facility License,"Supervision of, and Care for, Children 0-6 Years of Age, During the Day between 6am-9pm",SLA MONTROSE LLC,SLA MONTROSE LLC,2910-2924 W MONTROSE AVE 1ST,CHICAGO,IL,60618,ALBANY PARK,ALBANY PARK,AAI
3082493,2026-09-17,Tobacco,Retail Sales of Tobacco Products and Accessories (Less Than 80% Gross Revenue of Business) | Retail Sales of Electronic Cigarettes and Liquid Nicotine Products and Accessories (Under 20% of Gross Revenue of Business),57TH & CHICAGO FOOD MART INC.,57TH & CHICAGO FOOD MART INC.,5756 W CHICAGO AVE 1,CHICAGO,IL,60651,AUSTIN,AUSTIN,AAI
3095367,2026-09-17,Consumption on Premises - Incidental Activity,Consumption of Liquor on Premises,1 N FRANKLIN CAFE LLC,Andis: Cafe and Luncheonette,1 N FRANKLIN ST 1 180,CHICAGO,IL,60606,LOOP,LOOP,AAI
3095912,2026-09-17,Caterer's Liquor License,Catering of Liquor To Events,1 N FRANKLIN CAFE LLC,Andis: Cafe and Luncheonette,1 N FRANKLIN ST 1 180,CHICAGO,IL,60606,LOOP,LOOP,AAI
3096422,2026-09-17,Filling Station,Operation of an Automatic Car Wash | Operation of a Fuel Filling Station | Retail Sales of General Merchandise,GRAHAM ENTERPRISE INC,BP@5210 NW Hwy (GEI-184),5210 N NORTHWEST HWY,CHICAGO,IL,60630,JEFFERSON PARK,JEFFERSON PARK,AAI
3099872,2026-09-17,Retail Food Establishment,Sale of Food Prepared Onsite Without Dining Area,MORRISONS SOUL AND SMOKE LLC,MORRISONS SOUL AND SMOKE LLC,6658 S COTTAGE GROVE AVE,CHICAGO,IL,60637,WOODLAWN,WOODLAWN,AAI
3099947,2026-09-17,Retail Food Establishment,Retail Sales of Fresh Fruits and Vegetables (Leafy and Non Leafy Vegetables) | Retail Sales of General Merchandise and Non-Perishable Food | Retail Sales of Perishable Foods,URBAN CORNER INC.,URBAN CORNER INC.,5311 W CHICAGO AVE 1,CHICAGO,IL,60651,AUSTIN,AUSTIN,AAI
3100075,2026-09-17,Pharmaceutical Representative,Markets / Promotes Pharmaceuticals to Health Care Professionals and Conducts Business for More than 15 Calendar Days per Year,ZAINAB MUJDRAGIC,ZAINAB MUJDRAGIC,[REDACTED FOR PRIVACY],CHICAGO,IL,60630,ALBANY PARK,ALBANY PARK,AAI
3100103,2026-09-17,Filling Station,Operation of a Fuel Filling Station,"AZ FRESH START, INC.",ADVANCED PETROLEUM,6300 S DAMEN AVE,CHICAGO,IL,60636,WEST ENGLEWOOD,ENGLEWOOD,AAI
3100105,2026-09-17,Retail Food Establishment,Retail Sales of General Merchandise and Non-Perishable Food | Retail Sales of Perishable Foods,"AZ FRESH START, INC.",ADVANCED PETROLEUM,6300 S DAMEN AVE,CHICAGO,IL,60636,WEST ENGLEWOOD,ENGLEWOOD,AAI
3100160,2026-09-17,Regulated Business License,Vacation Rental Building Containing Five or More Dwelling Units For Transient Occupancy,Musa Mian,MIAN Rentals,1515 W MONROE ST 1 105,CHICAGO,IL,60607,NEAR WEST SIDE,WEST LOOP,AAI
3100178,2026-09-17,Limited Business License,Retail Sales of General Merchandise and Non-Perishable Food | Skincare Services,JOYFUL WELLNESS CENTER LLC,JOYFUL WELLNESS CENTER LLC,1733 W IRVING PARK RD 1 1,CHICAGO,IL,60613,LAKE VIEW,LAKE VIEW,AAI
3100204,2026-09-17,Retail Food Establishment,Retail Sales of General Merchandise and Non-Perishable Food | Preparation and Sale of Coffee and/or Drinks,BRIDGE VIEW BREW INC.,BRIDGE VIEW BREW,3008 E 92ND ST,CHICAGO,IL,60617,SOUTH CHICAGO,SOUTH CHICAGO,AAI
3100230,2026-09-17,Wholesale Food Establishment,Engage in Direct Food Sales to Businesses,OAK BARREL CORPORATION,METRO FOODSERVICE CORPORATION,1120 W EXCHANGE AVE A,CHICAGO,IL,60609,NEW CITY,NEW CITY,AAI
3100474,2026-09-17,Limited Business License,Miscellaneous Commercial Services,SHOWCASE SOLUTIONS LLC,SHOWCASE SOLUTIONS LLC,355 GARDENA AVE,RIALTO,CA,92376,,,AAI
3100594,2026-09-17,Limited Business License,Operation of an Administrative Commercial Office,"WALKER-MILLER ENERGY SERVICES, LLC",WALKER-MILLER ENERGY SERVICES,1720 W DIVISION ST 2,CHICAGO,IL,60622,WEST TOWN,WICKER PARK,AAI
3100684,2026-09-17,Limited Business License,Operation of an Administrative Commercial Office,"Workbox 420 N Wabash IL, LLC",Workbox,420 N WABASH AVE 500,CHICAGO,IL,60611,NEAR NORTH SIDE,RIVER NORTH,AAI
3100783,2026-09-17,Limited Business License,Sale of Furniture | Retail Sales of General Merchandise | Retail Sales of Clothing / Accessories / Shoes,AMBER MCCULLOCH LLC,DISCO BIRD VINTAGE,3229 N CLARK ST STO,CHICAGO,IL,60657,LAKE VIEW,LAKE VIEW,AAI
3103870,2026-09-17,Limited Business License,Sales / Rental / Lease of Motorized Vehicles - Outdoor Sales,SAENZ MOTORS INC.,SAENZ MOTORS INC.,4252 S WESTERN AVE,CHICAGO,IL,60609,BRIGHTON PARK,BRIGHTON PARK,AAI
3103932,2026-09-17,Limited Business License,Provide Tax Preparation Services | Provide Business and Management Consulting,"DEVON BUSINESS GROUP, INC.",DEVON BUSINESS GROUP INC,3052 W DEVON AVE 1ST,CHICAGO,IL,60659,WEST RIDGE,WEST RIDGE,AAI
3103933,2026-09-17,Special Event Liquor,Special Event Beer & Wine,"ILLINOIS SPORTSERVICE, INC.",ILLINOIS SPORTSERVIE INC,333 W 35TH ST,CHICAGO,IL,60616,ARMOUR SQUARE,ARMOUR SQUARE,AAI
3103938,2026-09-17,Special Event Food,5 Day Single Event - Special Event Food,"NEW VELLIOTIS, INC.",THE CLARK STREET DOG,3040 N CLARK ST,CHICAGO,IL,60657,LAKE VIEW,LAKE VIEW,AAI
3103940,2026-09-17,Special Event Food,5 Day Single Event - Special Event Food,BRAZILIAN RESTAURANT GROUP INC.,BRAZILIAN RESTAURANT GROUP,3204 N BROADWAY,CHICAGO,IL,60657,LAKE VIEW,BOYSTOWN,AAI
3103949,2026-09-17,Pop-Up Retail User,Organizer of Event with Retail Vendors (1-5 Day Show),CHARLES C BRANSFORD,OLIO LINCOLN PARK,2352 N CLARK ST,CHICAGO,IL,60614,LINCOLN PARK,LINCOLN PARK,AAI
3103951,2026-09-17,Regulated Business License,Accounting / Tax Preparation (Home Based Business) | Professional Consulting (Home Based Business),CORNELIA ACCOUNTING SERVICES INC.,CORNELIA ACCOUNTING SERVICES INC.,1616 W CORNELIA AVE 1 3,CHICAGO,IL,60657,LAKE VIEW,LAKE VIEW,AAI
3103955,2026-09-17,Peddler License,"Peddler- Retail Sales of General Merchandise, Whole Uncut Fruits/Vegetables, Flowers, Moving Along the Public Way",DANNY CALHOUN JR.,DANNY CALHOUN JR.,4821 DELIVAU DR,CHARLOTTE,NC,28215,,,AAI
3103956,2026-09-17,Pop-Up Retail User,Organizer of Event with Retail Vendors (1-5 Day Show),RECIPE LLC DBA CACHE,RECIPE LLC DBA CACHE,9496 MAYFIELD RD,COLLIERVILLE,TN,38017,,,AAI
3074133,2026-09-16,Retail Food Establishment,"Preparation of Food, Coffee or Drinks | Retail Sales of Fresh Fruits and Vegetables (Leafy and Non Leafy Vegetables) | Retail Sales of General Merchandise and Non-Perishable Food | Retail Sales of Perishable Foods | Retail Sales of General Merchandise",SOLI ON THE FLY LLC,Soli On The Fly,11601 W TOUHY AVE 1 T5 - #564,CHICAGO,IL,60666,OHARE,O'HARE,AAI
3074134,2026-09-16,Package Goods,Retail Sales of Packaged Liquor,SOLI ON THE FLY LLC,Soli On The Fly,11601 W TOUHY AVE 1 T5 - #564,CHICAGO,IL,60666,OHARE,O'HARE,AAI
3091118,2026-09-16,Tobacco,Retail Sales of Flavored Tobacco Products | Retail Sales of Tobacco Products and Accessories (Less Than 80% Gross Revenue of Business) | Retail Sales of Electronic Cigarettes and Liquid Nicotine Products and Accessories (Under 20% of Gross Revenue of Business),ACE FOOD AND TOBACCO INC.,ACE FOOD & TOBACCO,3300 W 63RD ST,CHICAGO,IL,60629,CHICAGO LAWN,CHICAGO LAWN,AAI
3095366,2026-09-16,Retail Food Establishment,Preparation of Food and Dining on Premises With Seating,1 N FRANKLIN CAFE LLC,Andis: Cafe and Luncheonette,1 N FRANKLIN ST 1 180,CHICAGO,IL,60606,LOOP,LOOP,AAI
3095902,2026-09-16,Valet Parking Operator,Valet Parking Operator,LAWRENCE VALET LLC,LAWRENCE VALET,3220-3224 W LAWRENCE AVE,CHICAGO,IL,60625,ALBANY PARK,ALBANY PARK,AAI
3099801,2026-09-16,Retail Food Establishment,Preparation of Food and Dining on Premises With Seating,REIT 10 LLC,Hotel Silversmith,10-16 S WABASH AVE 1-10,CHICAGO,IL,60603,LOOP,LOOP,AAI
3100304,2026-09-16,Shared Kitchen User (Long Term),Shared Kitchen User - Long Term,13 MONTHS OF COFFEE LLC,13 MONTHS OF COFFEE,5901 N SHERIDAN RD 3 K,CHICAGO,IL,60660,EDGEWATER,EDGEWATER,AAI
3100576,2026-09-16,Special Event Liquor,Special Event Beer & Wine,"JERRY'S SANDWICHES LS, LLC","JERRY'S SANDWICHES LS, LLC",4739-43 N LINCOLN AVE,CHICAGO,IL,60625,LINCOLN SQUARE,LINCOLN SQUARE,AAI
3100609,2026-09-16,Pop-Up Retail User,Organizer of Event with Retail Vendors (1-5 Day Show),"CHICAGO RUNNING & SPECIAL EVENTS MANAGEMENT, INC.",SPECIAL EVENTS MANAGEMENT,2221 W 43RD ST,CHICAGO,IL,60609,NEW CITY,NEW CITY,AAI
3100636,2026-09-16,Pop-Up Retail User,1-5 Day Retail Pop Up Vendor (Sale of General Merchandise),"NIKE RETAIL SERVICES, INC.","NIKE RETAIL SERVICES, INC.",456 N UNION AVE 1ST,CHICAGO,IL,60654,WEST TOWN,WEST TOWN,AAI
3100779,2026-09-16,Limited Business License,Provide Business and Management Consulting,3050 DEVON INC.,3050 DEVON INC.,3050 W DEVON AVE 1,CHICAGO,IL,60659,WEST RIDGE,WEST RIDGE,AAI
3103863,2026-09-16,Special Event Liquor,"Special Event Beer, Wine & Spirits",MIDDLE BROW BREWPUB LLC,MIDDLE BROW BREWPUB LLC,2002 N MOZART ST,CHICAGO,IL,60647,LOGAN SQUARE,LOGAN SQUARE,AAI
3103864,2026-09-16,Pharmaceutical Representative,Markets / Promotes Pharmaceuticals to Health Care Professionals and Conducts Business for More than 15 Calendar Days per Year,RYAN HANSEN,RYAN HANSEN,[REDACTED FOR PRIVACY],YORKVILLE,IL,60560,,,AAI
3103877,2026-09-16,Limited Business License,Miscellaneous Personal Services | Provide Event Planning Services / Wedding Planning Services,"FMJX2, LLC",WEST157,332 S MICHIGAN AVE 900,CHICAGO,IL,60604,LOOP,LOOP,AAI
3103882,2026-09-16,Regulated Business License,Other Home Based Businesses,LIANA'S CLEANING SERVICES LLC,LIANA'S CLEANING SERVICES LLC,7516 N RIDGE BLVD 2 2W,CHICAGO,IL,60645,WEST RIDGE,WEST RIDGE,AAI
3103884,2026-09-16,Regulated Business License,Online Sales (Home Based Business),GEO PREMIUM WEAR LLC,GEO PREMIUM WEAR,3340 W FULTON BLVD,CHICAGO,IL,60624,EAST GARFIELD PARK,GARFIELD PARK,AAI
3103899,2026-09-16,Pop-Up Retail User,Sale of General Merchandise at Flea Market 181-365 Consecutive Days,FLOR YESENIA FLORES,FLOR YESENIA FLORES,4100 S ASHLAND AVE,CHICAGO,IL,60609,NEW CITY,NEW CITY,AAI
3103901,2026-09-16,Pop-Up Retail User,Organizer of Event with Retail Vendors (1-5 Day Show),LOGAN VEGAN LLC,LOGAN VEGAN LLC,2535 N KEDZIE BLVD,CHICAGO,IL,60647,LOGAN SQUARE,LOGAN SQUARE,AAI
3103921,2026-09-16,Peddler License,"Peddler- Retail Sales of General Merchandise, Whole Uncut Fruits/Vegetables, Flowers, Moving Along the Public Way",RAMIRO REYES LOZANO,RAMIRO REYES LOZANO,2637 W 24TH PL BSMT,CHICAGO,IL,60608,SOUTH LAWNDALE,LITTLE VILLAGE,AAI
3103929,2026-09-16,Limited Business License,Hair Services,DR BARBER SHOP LLC,DR BARBERSHOP,3456 N CICERO AVE 1,CHICAGO,IL,60641,PORTAGE PARK,PORTAGE PARK,AAI
3025937,2026-09-15,Tavern,Tavern - Consumption of Liquor on Premises,Latchkey LLC,Hindsight Community Tavern,2016-2020 W IRVING PARK RD,CHICAGO,IL,60618,NORTH CENTER,NORTH CENTER,AAI
3073275,2026-09-15,Shared Kitchen User (Long Term),Shared Kitchen User - Long Term,"ASIANA MANAGEMENT GROUP, INC.",Ace Sushi @The University of Chicago - Tiffin Cafe,1414 E 59TH ST,CHICAGO,IL,60637,HYDE PARK,HYDE PARK,AAI
3078732,2026-09-15,Commercial Garage,Provide 4 or More Parking Spaces For a Fee - Available and Advertised to the Public,SP PLUS LLC,ERIE - ONTARIO SELF PARK,321 E ERIE ST 1ST,CHICAGO,IL,60611,NEAR NORTH SIDE,STREETERVILLE,AAI
3091013,2026-09-15,Shared Kitchen User (Short Term),Shared Kitchen User - Short Term (90 Days or Less - Not Renewable),CASTLE PRESENTS LLC,CASTLE PRESENTS,159 COUNTRYSIDE LN,BEAR,DE,19701,,,AAI
3095369,2026-09-15,Consumption on Premises - Incidental Activity,Consumption of Liquor on Premises,1 N FRANKLIN CAFE LLC,Vue 36,1 N FRANKLIN ST 36,CHICAGO,IL,60606,LOOP,LOOP,AAI
3095927,2026-09-15,Shared Kitchen User (Long Term),Shared Kitchen User - Long Term,"KILLER COFFEE COMPANY, LLC",CALAVERA COFFEE,1001 N NORTH BRANCH ST 3 301,CHICAGO,IL,60642,NEAR NORTH SIDE,RIVER NORTH,AAI
3096397,2026-09-15,Retail Food Establishment,Sale of Food Prepared Onsite With Dining Area,ADAMARIS PIZZERIA LLC,BENNY'S PIZZA,1244 W 18TH ST 1,CHICAGO,IL,60608,LOWER WEST SIDE,LOWER WEST SIDE,AAI
3096460,2026-09-15,Retail Food Establishment,"Preparation of Food, Coffee or Drinks | Retail Sales of Fresh Fruits and Vegetables (Leafy and Non Leafy Vegetables) | Retail Sales of General Merchandise and Non-Perishable Food | Retail Sales of Perishable Foods | Retail Sales of General Merchandise","7-ELEVEN, INC.",7-Eleven #24329J,5206 N WESTERN AVE 1,CHICAGO,IL,60625,LINCOLN SQUARE,LINCOLN SQUARE,AAI
3099767,2026-09-15,Retail Food Establishment,Retail Sales of General Merchandise and Non-Perishable Food | Retail Sales of Perishable Foods | Retail Sales of General Merchandise,"RAYS QUICK MART, INC.","RAYS QUICK MART, INC.",415 E 71ST ST,CHICAGO,IL,60619,GREATER GRAND CROSSING,GRAND CROSSING,AAI
3099879,2026-09-15,Retail Food Establishment,"Preparation of Food, Coffee or Drinks | Retail Sales of Fresh Fruits and Vegetables (Leafy and Non Leafy Vegetables) | Retail Sales of General Merchandise and Non-Perishable Food | Retail Sales of Perishable Foods | Retail Sales of General Merchandise | Sale of Products Infused With CBD",Aarsh Ventures LLC,SHELL,3554 W NORTH AVE,CHICAGO,IL,60647,HUMBOLDT PARK,HUMBOLDT PARK,AAI
3100022,2026-09-15,Retail Food Establishment,Sale of Food Prepared Onsite With Dining Area | Preparation and Sale of Coffee and/or Drinks,ELA GROUP LLC,ELA TAVERNA,1551 N WELLS ST 1,CHICAGO,IL,60610,NEAR NORTH SIDE,OLD TOWN,AAI
3100569,2026-09-15,Special Event Liquor,Special Event Beer & Wine,GERMAN AMERICAN NATIONAL CONGRESS CHAPTER CHICAGO -- NORTH AND D.A.N.K. HOUSE,DANK HAUS GERMAN AMERICAN CULTURAL CENTER,4740 N WESTERN AVE,CHICAGO,IL,60625,LINCOLN SQUARE,LINCOLN SQUARE,AAI
3100632,2026-09-15,Pharmaceutical Representative,Markets / Promotes Pharmaceuticals to Health Care Professionals and Conducts Business for More than 15 Calendar Days per Year,BHAVIK BRAHMBHATT,BHAVIK BRAHMBHATT,[REDACTED FOR PRIVACY],CANTON,MI,48188,,,AAI
3100638,2026-09-15,Pop-Up Retail User,Organizer of Event with Retail Vendors (1-5 Day Show),"CHICAGO RUNNING & SPECIAL EVENTS MANAGEMENT, INC.",SPECIAL EVENTS MANAGEMENT,2221 W 43RD ST 1,CHICAGO,IL,60609,NEW CITY,NEW CITY,AAI
3100674,2026-09-15,Limited Business License,Retail Sales of General Merchandise | Retail Sales of Clothing / Accessories / Shoes,"TOAST US Retail, LLC",TOAST,908 W ARMITAGE AVE 1 STORE,CHICAGO,IL,60614,LINCOLN PARK,LINCOLN PARK,AAI
3100675,2026-09-15,Pharmaceutical Representative,Markets / Promotes Pharmaceuticals to Health Care Professionals and Conducts Business for More than 15 Calendar Days per Year,WENDY BETUSTAK,WENDY BETUSTAK,[REDACTED FOR PRIVACY],SUGAR GROVE,IL,60554,,,AAI
3100677,2026-09-15,Limited Business License,Retail Sales of Jewelry and Jewelry Repair,"VRAI JEWELRY, LLC","VRAI JEWELRY, LLC",49 E OAK ST 2 E,CHICAGO,IL,60611,NEAR NORTH SIDE,STREETERVILLE,AAI
3100681,2026-09-15,Limited Business License,Provide Home Health Care Services,"GLOBAL HERITAGE HOME HEALTHCARE, INC.,","GLOBAL HERITAGE HOME HEALTHCARE, INC.,",5875 N LINCOLN AVE 226,CHICAGO,IL,60659,WEST RIDGE,WEST RIDGE,AAI
3100686,2026-09-15,Limited Business License,Nail Services,WONDER NAIL SPA 9 INC.,WONDER NAIL SPA,3338 N WESTERN AVE,CHICAGO,IL,60618,NORTH CENTER,NORTH CENTER,AAI
3100687,2026-09-15,Limited Business License,Retail Sales of General Merchandise,SCRATCHPAD CHICAGO LLC,SCRATCHPAD CHICAGO,3324 N CLARK ST,CHICAGO,IL,60657,LAKE VIEW,LAKE VIEW,AAI
3100689,2026-09-15,Pharmaceutical Representative,Markets / Promotes Pharmaceuticals to Health Care Professionals and Conducts Business for More than 15 Calendar Days per Year,MOHAMMAD KHAN,MOHAMMAD KHAN,[REDACTED FOR PRIVACY],CHICAGO,IL,60605,LOOP,LOOP,AAI
3100747,2026-09-15,Limited Business License,Engage in Wholesale Sales,"PARTS AUTHORITY, LLC","PARTS AUTHORITY, LLC",5080 N KIMBERLY AVE,CHICAGO,IL,60630,ALBANY PARK,ALBANY PARK,AAI
3100750,2026-09-15,Limited Business License,Hair Services,CASA BLANCA 1 HAIR SALON INC,CASA BLANCA HAIR SALON,4549 N KEDZIE AVE 1,CHICAGO,IL,60625,ALBANY PARK,ALBANY PARK,AAI
3100766,2026-09-15,Limited Business License,Retail Sales of Clothing / Accessories / Shoes,"ELEVENTY USA, LLC","ELEVENTY USA, LLC",48 E OAK ST 1,CHICAGO,IL,60611,NEAR NORTH SIDE,GOLD COAST,AAI
3100775,2026-09-15,Special Event Food,180 Day Multiple Events - Special Event Food,SUPERIOR LIMITED PARTNERSHIP,JAKE MELNICK'S CORNER TAP,41 E SUPERIOR ST,CHICAGO,IL,60611,NEAR NORTH SIDE,RIVER NORTH,AAI
3103838,2026-09-15,Regulated Business License,Provide Fitness Classes,EVOLVE RECOVERY & WELLNESS LLC,EVOLVE RECOVERY & WELLNESS,7206 W FOSTER AVE,CHICAGO,IL,60656,NORWOOD PARK,NORWOOD PARK,AAI
3103841,2026-09-15,Limited Business License,Retail Sales of General Merchandise and Non-Perishable Food | Hair Services,HOT ROOTS LLC,Hot Roots,4740 N LINCOLN AVE 10,CHICAGO,IL,60625,LINCOLN SQUARE,LINCOLN SQUARE,AAI
3103843,2026-09-15,Limited Business License,Provide Foot Massage - Fully Clothed/No Disrobing,168 SPA LLC,168 SPA,4628 W LAWRENCE AVE 1 1,CHICAGO,IL,60630,ALBANY PARK,ALBANY PARK,AAI
3103844,2026-09-15,Special Event Liquor,Special Event Beer & Wine,PREMIER CATERING & EVENTS LLC,PREMIER CATERING & EVENTS LLC,1410 S MUSEUM CAMPUS DR,CHICAGO,IL,60605,NEAR SOUTH SIDE,MUSEUM CAMPUS,AAI
3103850,2026-09-15,Regulated Business License,"Dog Walking, Pet Sitting Services (Home Based Business)",CATHERINE M. HALL,A DOG'S BEST FRIEND,1909 W ADDISON ST 2,CHICAGO,IL,60613,NORTH CENTER,NORTH CENTER,AAI
3103853,2026-09-15,Limited Business License,Engage in Wholesale Sales,PARIS312 LLC,PARIS312,2048 W HUBBARD ST 1,CHICAGO,IL,60612,WEST TOWN,WEST TOWN,AAI
3103868,2026-09-15,Pop-Up Retail User,Organizer of Event with Retail Vendors (1-5 Day Show),LOCAL EDITION LLC,LOCAL EDITION LLC,2145 W WALNUT ST,CHICAGO,IL,60612,NEAR WEST SIDE,UNITED CENTER,AAI
3103871,2026-09-15,Peddler License,"Street Performer, Moving Along the Public Way",QUINTIN SCOTT MARX,QUINTIN SCOTT MARX,824 COUNTRY PL,LAKE FOREST,IL,60045,,,AAI
3025439,2026-09-14,Retail Food Establishment,"Preparation of Food, Coffee or Drinks | Retail Sales of Perishable Foods",V'S CONVENIENCE STORE LLC,V'S CONVENIENCE STORE,460 E 61ST ST 1ST,CHICAGO,IL,60637,WOODLAWN,WOODLAWN,AAI
3073633,2026-09-14,Children's Services Facility License,Instruction in Art for Both Children and Adults (40% or More Children) | Miscellaneous Commercial Services | Rental of Location for Children's Birthday Parties,LE VILLAGE CO.,LE VILLAGE COWORK,3146-3148 W IRVING PARK RD,CHICAGO,IL,60618,IRVING PARK,IRVING PARK,AAI
3082424,2026-09-14,Motor Vehicle Services License,Engine and Body Work w/ Spray Booth,APEX AB COLLISION REPAIR INC.,APEX AB COLLISION REPAIR,4637-4641 W MAYPOLE AVE,CHICAGO,IL,60644,AUSTIN,AUSTIN,AAI
3082591,2026-09-14,Children's Services Facility License,"Supervision of, and Care for, Children 0-6 Years of Age, During the Day between 6am-9pm With Before and After School Programs",BUSH EXP. LEARNING ACADEMY LLC,BUSH EXP. LEARNING ACADEMY LLC,450-454 E 83RD ST,CHICAGO,IL,60619,CHATHAM,CHATHAM,AAI
3082602,2026-09-14,Retail Food Establishment,Retail Sales of General Merchandise and Non-Perishable Food | Retail Sales of Perishable Foods,F-E MARKET INC.,F-E MARKET,756 W GARFIELD BLVD 1ST,CHICAGO,IL,60609,NEW CITY,NEW CITY,AAI
3082624,2026-09-14,Mobile Food License,Preparation and Sale of Food (ONLY) from a Mobile Food Truck (Mobile Food Preparer),TERI'S TASTEE LLC,TERI'S TASTEE,2300 S THROOP ST,CHICAGO,IL,60608,LOWER WEST SIDE,LOWER WEST SIDE,AAI
3090856,2026-09-14,Regulated Business License,Tattoo / Permanent Body Art and Make-Up / Micro Blading | Retail Sales of General Merchandise,SOFT SPOT STUDIO LLC,SOFT SPOT TATTOO,2206 N MILWAUKEE AVE,CHICAGO,IL,60647,LOGAN SQUARE,LOGAN SQUARE,AAI
3091037,2026-09-14,Limited Business License,Skincare Services | Retail Sales of General Merchandise,"REVIVAL WELLNESS SPA, LLC",REVIVAL WELLNESS SPA,4507 N KEDZIE AVE 1,CHICAGO,IL,60625,ALBANY PARK,ALBANY PARK,AAI
3099773,2026-09-14,Retail Food Establishment,Retail Sales of General Merchandise and Non-Perishable Food | Retail Sales of Perishable Foods | Retail Sales of General Merchandise,"C & D SUPERMARKET, INC.","C & D SUPERMARKET, INC.",1935 E 79TH ST,CHICAGO,IL,60649,SOUTH CHICAGO,SOUTH CHICAGO,AAI
3099897,2026-09-14,Shared Kitchen User (Long Term),Shared Kitchen User - Long Term,"SPLASH, LLC","SPLASH, LLC",1464 S MICHIGAN AVE 1103,CHICAGO,IL,60605,NEAR SOUTH SIDE,NEAR SOUTH SIDE,AAI
3099945,2026-09-14,Special Event Liquor,"Special Event Beer, Wine & Spirits","235 ASHLAND HOLDINGS, INC.","235 ASHLAND HOLDINGS, INC.",235 N ASHLAND AVE,CHICAGO,IL,60607,NEAR WEST SIDE,WEST LOOP,AAI
3099953,2026-09-14,Limited Business License,"Commissioned Staffing of Professional, Secretarial and Clerical Work",MOTION RECRUITMENT PARTNERS LLC,MOTION RECRUITMENT PARTNERS LLC,300 S WACKER DR 1710,CHICAGO,IL,60606,LOOP,LOOP,AAI
3100073,2026-09-14,Retail Food Establishment,Sale of Food Prepared Onsite With Dining Area,"GOOD GOODS SUSHI CORP.,",GORILLA SUSHI WICKER PARK,1238 N MILWAUKEE AVE 1,CHICAGO,IL,60622,WEST TOWN,WICKER PARK,AAI
3100195,2026-09-14,Limited Business License,Operation of an Administrative Commercial Office | Rental of Furniture,HOME BY MOLLY MARINO LLC,HOME BY MOLLY MARINO LLC,4444 W MONTROSE AVE,CHICAGO,IL,60641,IRVING PARK,IRVING PARK,AAI
3100254,2026-09-14,Limited Business License,Fitness Training On and Off Premises,CRITICAL HIT ATHLETICS LLC,CRITICAL HIT ATHLETICS,2514 W NORTH AVE,CHICAGO,IL,60647,WEST TOWN,WICKER PARK,AAI
3100579,2026-09-14,Special Event Liquor,Special Event Beer & Wine,"RICK O'SHAY, INC.","RICK O'SHAY, INC DBA RICOCHETS",4644 N LINCOLN AVE,CHICAGO,IL,60625,LINCOLN SQUARE,LINCOLN SQUARE,AAI
3100580,2026-09-14,Special Event Liquor,"Special Event Beer, Wine & Spirits","NEIGHBORHOOD RESTAURANTS, INC.",ROCKWELL'S NEIGHBORHOOD GRILL,4632 N ROCKWELL ST,CHICAGO,IL,60625,LINCOLN SQUARE,LINCOLN SQUARE,AAI
3100581,2026-09-14,Special Event Liquor,"Special Event Beer, Wine & Spirits","FORTY SEVEN FORTY SEVEN, INC.","FORTY SEVEN FORTY SEVEN, INC.",4747 N LINCOLN AVE,CHICAGO,IL,60625,LINCOLN SQUARE,LINCOLN SQUARE,AAI
3100595,2026-09-14,Pop-Up Retail User,Sale of General Merchandise at Flea Market 181-365 Consecutive Days,LUCIA FALCON MOTA,LUCIA FALCON,4100 S ASHLAND AVE OUTDOORS,CHICAGO,IL,60609,NEW CITY,NEW CITY,AAI
3100671,2026-09-14,Limited Business License,Sale of Furniture | Retail Sales of General Merchandise,"MONALISA VINTAGE & ANTIQUE STORE, LLC",MONALISA VINTAGE & ANTIQUE,932 W MADISON ST 1ST,CHICAGO,IL,60607,NEAR WEST SIDE,WEST LOOP,AAI
3100694,2026-09-14,Limited Business License,Upholstery Cleaning/Repair - Onsite,RAQUEL GRACIELA ALVAREZ,BUCKTOWN UPHOLSTERY AND LEATHERWORKS,2107 N WESTERN AVE 1,CHICAGO,IL,60647,LOGAN SQUARE,BUCKTOWN,AAI
3100697,2026-09-14,Limited Business License,Nail Services,TT NAILS OF LINCOLN PARK LLC,TT NAILS,3944 N LINCOLN AVE,CHICAGO,IL,60613,NORTH CENTER,NORTH CENTER,AAI
3100727,2026-09-14,Pop-Up Retail User,Organizer of Event with Retail Vendors (1-5 Day Show),CHICAGO VINTAGE FESTIVAL CORP.,CHICAGO VINTAGE FEST,3625 S HONORE ST,CHICAGO,IL,60609,MCKINLEY PARK,MCKINLEY PARK,AAI
3100734,2026-09-14,Pop-Up Retail User,Organizer of Event with Retail Vendors (1-5 Day Show),LINCOLN SQUARE RAVENSWOOD CHAMBER OF COMMERCE,LINCOLN SQUARE RAVENSWOOD CHAMBER OF COMMERCE,4505 N LINCOLN AVE,CHICAGO,IL,60625,LINCOLN SQUARE,LINCOLN SQUARE,AAI
3100765,2026-09-14,Limited Business License,Operation of an Administrative Commercial Office,"FLOATING WORLD GALLERY, LTD.",FLOATING WORLD GALLERY,346 N JUSTINE ST 7 700,CHICAGO,IL,60607,NEAR WEST SIDE,WEST LOOP,AAI
