tarot deck collectors	a converter	translates pro jargon for newcomers
arborists	a constraint-checker / validator	translates pro jargon for newcomers
mobile notaries	a tiny public dataset	surfaces what's secretly out of stock everywhere
disc golfers	a one-email-in / one-email-out bot	operates entirely over SMS/email
mechanical keyboard builders	a 'is it worth it' estimator	does the reverse of what every existing tool does
dental lab techs	a search engine for one narrow thing	works fully offline
oil-rig rotation workers	a curated auto-updating directory	does the boring compliance nobody wants
medical billers	a compatibility matrix	monetizes the data exhaust, not the tool
sign painters	a price/condition tracker	operates entirely over SMS/email
small-farm CSA operators	a naming/ID/serial decoder	only does the one step everything else skips
antique clock restorers	a tiny public dataset	tracks a thing that only matters seasonally
picture framers	a search engine for one narrow thing	is the 'should I even bother' gate
laundromat owners	a 'what's this worth' appraiser	is intentionally read-only / no accounts
import/export small brokers	an aggregator	targets the moment something breaks / fails
off-grid homesteaders	a monitoring + alert service	is intentionally read-only / no accounts
speedcubers	a deadline/season reminder	catches the expensive mistake before it's made
scrap metal haulers	a price/condition tracker	uses a constraint everyone else ignores
historical reenactors	a 'what's this worth' appraiser	for people who actively hate the incumbent tool
car-wash owners	a price/condition tracker	surfaces what's secretly out of stock everywhere
boat detailers	a unit/format translator	translates pro jargon for newcomers
wedding officiants	a restock alerter	works fully offline
hospice families	a converter	for people who actively hate the incumbent tool
luthiers / instrument repair	a browser extension	is intentionally read-only / no accounts
sober-living home operators	a unit/format translator	does the boring compliance nobody wants
aquascapers	a checklist generator	targets the moment something breaks / fails
cidermakers	a single-purpose calculator	only does the one step everything else skips
aquascapers	a unit/format translator	exploits a rule/regulation deadline
cemetery operators	an anomaly flagger	monetizes the data exhaust, not the tool
reef-tank aquarists	an anomaly flagger	surfaces what's secretly out of stock everywhere
carnivorous plant growers	a comparison explorer	serves the SUPPLIERS, not the hobbyists
liveaboard sailors	an availability tracker	combines two unrelated data sources
hospice families	a search engine for one narrow thing	for people who actively hate the incumbent tool
watch modders	a route/sequence optimizer	only does the one step everything else skips
vintage synth collectors	a compatibility matrix	is the 'should I even bother' gate
luthiers / instrument repair	a fee/cost auditor	for people who actively hate the incumbent tool
cidermakers	a fee/cost auditor	does the boring compliance nobody wants
bonsai growers	a route/sequence optimizer	combines two unrelated data sources
upholstery shops	a swap/match board	does the boring compliance nobody wants
model railroad builders	a counterfeit/fake detector	does the boring compliance nobody wants
watch modders	a route/sequence optimizer	focuses on end-of-life / disposal / resale
window cleaners	an availability tracker	exploits a rule/regulation deadline
window cleaners	a single-purpose calculator	does the boring compliance nobody wants
freelance paralegals	a constraint-checker / validator	is built for one specific region first
vintage synth collectors	a converter	tracks a thing that only matters seasonally
mechanical keyboard builders	a restock alerter	translates pro jargon for newcomers
commercial fishers	a comparison explorer	is for the spouse/parent/heir of the enthusiast
microgreens growers	a checklist generator	surfaces what's secretly out of stock everywhere
amateur astronomers	a curated auto-updating directory	targets the 5 minutes RIGHT BEFORE the activity
small distilleries	a one-email-in / one-email-out bot	uses a constraint everyone else ignores
immigration paralegals	a naming/ID/serial decoder	is the 'should I even bother' gate
sober-living home operators	a restock alerter	serves the SUPPLIERS, not the hobbyists
traveling nurses	a curated auto-updating directory	monetizes the data exhaust, not the tool
scrap metal haulers	an aggregator	is a verification layer for a trust-poor market
caregivers for aging parents	a naming/ID/serial decoder	watches prices across closed/auction markets
arborists	a tiny public dataset	watches prices across closed/auction markets
oil-rig rotation workers	a converter	catches the expensive mistake before it's made
vintage synth collectors	an anomaly flagger	watches prices across closed/auction markets
bail bondsmen	a constraint-checker / validator	works fully offline
chimney sweeps	a single-purpose calculator	works from a single photo as input
watch flippers	a unit/format translator	focuses on end-of-life / disposal / resale
livestock auction buyers	a restock alerter	targets the 5 minutes RIGHT BEFORE the activity
junk-removal operators	a fee/cost auditor	focuses on end-of-life / disposal / resale
beekeeping inspectors	a compatibility matrix	works fully offline
watch modders	a 'find the nearest X' map	tracks a thing that only matters seasonally
kombucha brewers	a route/sequence optimizer	is the 'should I even bother' gate
mechanical keyboard builders	a comparison explorer	watches prices across closed/auction markets
estate executors	a template / preset pack	tracks a thing that only matters seasonally
well drillers	a comparison explorer	is for the spouse/parent/heir of the enthusiast
indie tattoo studios	a naming/ID/serial decoder	is the 'should I even bother' gate
model railroad builders	a monitoring + alert service	serves the SUPPLIERS, not the hobbyists
kombucha brewers	a browser extension	watches prices across closed/auction markets
import/export small brokers	a naming/ID/serial decoder	serves the SUPPLIERS, not the hobbyists
boat detailers	a 'is it worth it' estimator	targets the 5 minutes RIGHT BEFORE the activity
drone racers	a tiny public dataset	translates pro jargon for newcomers
aquascapers	a comparison explorer	is a verification layer for a trust-poor market
medical billers	a search engine for one narrow thing	targets the moment something breaks / fails
home roasters	a search engine for one narrow thing	translates pro jargon for newcomers
boat detailers	a route/sequence optimizer	surfaces what's secretly out of stock everywhere
knife sharpeners	a unit/format translator	targets the moment something breaks / fails
knife sharpeners	a compatibility matrix	exploits a rule/regulation deadline
home roasters	an anomaly flagger	does the boring compliance nobody wants
Amazon FBA resellers	a deadline/season reminder	monetizes the data exhaust, not the tool
amateur astronomers	a fee/cost auditor	watches prices across closed/auction markets
kombucha brewers	a curated auto-updating directory	exploits a rule/regulation deadline
speedcubers	a price/condition tracker	targets the moment something breaks / fails
mobile notaries	a naming/ID/serial decoder	does the reverse of what every existing tool does
rare houseplant traders	a 'is it worth it' estimator	aggregates what's scattered across 20 forums
sign painters	a deadline/season reminder	works from a single photo as input
mobile dog groomers	a counterfeit/fake detector	catches the expensive mistake before it's made
oil-rig rotation workers	a counterfeit/fake detector	uses a constraint everyone else ignores
small-batch cheesemaking	a one-email-in / one-email-out bot	uses a constraint everyone else ignores
small-batch cheesemaking	a converter	is the 'should I even bother' gate
competitive eaters	a compatibility matrix	combines two unrelated data sources
specialty coffee roasters	a swap/match board	works fully offline
liveaboard sailors	a printable generator	is the 'should I even bother' gate
caregivers for aging parents	a deadline/season reminder	uses a constraint everyone else ignores
bonsai growers	a printable generator	operates entirely over SMS/email
model railroad builders	a constraint-checker / validator	aggregates what's scattered across 20 forums
boat detailers	a unit/format translator	is built for one specific region first
commercial drone pilots	a template / preset pack	does the reverse of what every existing tool does
speedcubers	a printable generator	translates pro jargon for newcomers
laundromat owners	a unit/format translator	targets the moment something breaks / fails
letterpress printers	an aggregator	is for the spouse/parent/heir of the enthusiast
vinyl record diggers	a unit/format translator	watches prices across closed/auction markets
immigration paralegals	a search engine for one narrow thing	is a verification layer for a trust-poor market
indie tattoo studios	a restock alerter	targets the 5 minutes RIGHT BEFORE the activity
upholstery shops	a template / preset pack	only does the one step everything else skips
small-farm CSA operators	a constraint-checker / validator	uses a constraint everyone else ignores
commercial fishers	a monitoring + alert service	does the reverse of what every existing tool does
competitive bird photography	a counterfeit/fake detector	watches prices across closed/auction markets
Lego set investors	a printable generator	combines two unrelated data sources
laundromat owners	a printable generator	aggregates what's scattered across 20 forums
beekeeping inspectors	a comparison explorer	exploits a rule/regulation deadline
antique clock restorers	a monitoring + alert service	surfaces what's secretly out of stock everywhere
antique clock restorers	a template / preset pack	watches prices across closed/auction markets
competitive memory athletes	a route/sequence optimizer	is built for one specific region first
scuba dive operators	a 'what's this worth' appraiser	serves the SUPPLIERS, not the hobbyists
sober-living home operators	a printable generator	combines two unrelated data sources
reef-tank aquarists	a search engine for one narrow thing	for people who actively hate the incumbent tool
small-farm CSA operators	a restock alerter	for people who actively hate the incumbent tool
tarot deck collectors	a curated auto-updating directory	works from a single photo as input
pool-service operators	a tiny public dataset	targets the moment something breaks / fails
Amazon FBA resellers	a printable generator	is the 'should I even bother' gate
speedcubers	a deadline/season reminder	tracks a thing that only matters seasonally
Lego set investors	a recall/notice watcher	monetizes the data exhaust, not the tool
court reporters	a template / preset pack	operates entirely over SMS/email
immigration paralegals	a price/condition tracker	works fully offline
commercial drone pilots	a one-email-in / one-email-out bot	does the reverse of what every existing tool does
letterpress printers	a curated auto-updating directory	surfaces what's secretly out of stock everywhere
competitive jigsaw puzzlers	a recall/notice watcher	combines two unrelated data sources
freight dispatchers	a fee/cost auditor	does the reverse of what every existing tool does
bonsai growers	a search engine for one narrow thing	is for the spouse/parent/heir of the enthusiast
indie tattoo studios	a swap/match board	works from a single photo as input
amateur astronomers	a search engine for one narrow thing	monetizes the data exhaust, not the tool
vending-machine operators	a converter	watches prices across closed/auction markets
sign painters	a curated auto-updating directory	uses a constraint everyone else ignores
food-truck operators	a counterfeit/fake detector	is for the spouse/parent/heir of the enthusiast
whisky cask investors	a converter	is built for one specific region first
disc golfers	a search engine for one narrow thing	targets the moment something breaks / fails
vintage synth collectors	a swap/match board	surfaces what's secretly out of stock everywhere
speedcubers	a comparison explorer	for people who actively hate the incumbent tool
carnivorous plant growers	a browser extension	focuses on end-of-life / disposal / resale
specialty coffee roasters	a naming/ID/serial decoder	uses a constraint everyone else ignores
small commercial beekeepers	a one-email-in / one-email-out bot	tracks a thing that only matters seasonally
long-haul truckers	an anomaly flagger	tracks a thing that only matters seasonally
antique clock restorers	a quote/estimate generator	watches prices across closed/auction markets
specialty coffee roasters	a tiny public dataset	is a verification layer for a trust-poor market
import/export small brokers	a converter	monetizes the data exhaust, not the tool
people selling a deceased relative's collection	a restock alerter	serves the SUPPLIERS, not the hobbyists
speedcubers	a 'is it worth it' estimator	only does the one step everything else skips
self-storage facility owners	a 'find the nearest X' map	uses a constraint everyone else ignores
mobile dog groomers	a browser extension	translates pro jargon for newcomers
competitive youth sports parents	a fee/cost auditor	is intentionally read-only / no accounts
pinball restorers	a price/condition tracker	tracks a thing that only matters seasonally
process servers	an aggregator	watches prices across closed/auction markets
escape-room designers	a monitoring + alert service	does the reverse of what every existing tool does
medical billers	a 'what's this worth' appraiser	works from a single photo as input
vintage synth collectors	a counterfeit/fake detector	targets the moment something breaks / fails
freight dispatchers	a browser extension	combines two unrelated data sources
homebrew brewers	a one-email-in / one-email-out bot	is the 'should I even bother' gate
dental lab techs	a recall/notice watcher	targets the moment something breaks / fails
independent bookstore owners	a quote/estimate generator	surfaces what's secretly out of stock everywhere
specialty coffee roasters	a deadline/season reminder	tracks a thing that only matters seasonally
watch modders	a naming/ID/serial decoder	exploits a rule/regulation deadline
taxidermists	a route/sequence optimizer	translates pro jargon for newcomers
sign painters	a compatibility matrix	tracks a thing that only matters seasonally
window cleaners	an availability tracker	does the boring compliance nobody wants
antique clock restorers	an anomaly flagger	exploits a rule/regulation deadline
coin roll hunters	a 'what's this worth' appraiser	focuses on end-of-life / disposal / resale
small-batch cheesemaking	a converter	works fully offline
whisky cask investors	a checklist generator	is for the spouse/parent/heir of the enthusiast
escape-room designers	a swap/match board	aggregates what's scattered across 20 forums
medical billers	a one-email-in / one-email-out bot	monetizes the data exhaust, not the tool
cross-border commuters	an anomaly flagger	targets the 5 minutes RIGHT BEFORE the activity
knife sharpeners	an availability tracker	targets the moment something breaks / fails
process servers	a counterfeit/fake detector	targets the 5 minutes RIGHT BEFORE the activity
mechanical keyboard builders	a route/sequence optimizer	watches prices across closed/auction markets
carnivorous plant growers	a swap/match board	is a verification layer for a trust-poor market
off-grid homesteaders	a browser extension	works from a single photo as input
mechanical keyboard builders	a swap/match board	serves the SUPPLIERS, not the hobbyists
