account_number,name,entity_type,status,registered,domestic_or_foreign,formation_place,naics,street,city,state,zip,email
3527417,EVERYTHING LUCRATIVE LLC,LLC,Active,2026-10-04,Domestic,Connecticut,All Other Support Activities for Transportation (488999),437 Howard Ave,Bridgeport,CT,06605-1831,e***@everythinglucrative.com
3528077,"Classic Renditions Photography, LLC",LLC,Active,2026-10-04,Domestic,Connecticut,"Photography Studios, Portrait (541921)",6 Grissom Drive,West Hartford,CT,06110,e***@gmail.com
3528089,Cornerstone Home & Property Services LLC,LLC,Active,2026-10-04,Domestic,Connecticut,Residential Remodelers (236118),22 Kingwood Pl,New Britain,CT,06053-1732,j***@gmail.com
3528093,The Little Leaf & Co LLC,LLC,Active,2026-10-04,Domestic,Connecticut,Nursery and Tree Production (111421),401 Saw Mill Hill Rd,Sterling,CT,06377-1406,j***@gmail.com
3528097,Grey Alexander Farmstead LLC,LLC,Active,2026-10-04,Domestic,Connecticut,Chicken Egg Production (112310),1 Jewell Ave,CROMWELL,CT,06416,g***@gmail.com
3528098,"The Tech Consigliere, LLC",LLC,Active,2026-10-04,Domestic,Connecticut,Computer Systems Design Services (541512),34 Aragon Dr,Trumbull,CT,06611-2850,p***@outlook.com
3528106,RSVP VOLLEYBALL LLC,LLC,Active,2026-10-04,Domestic,Connecticut,Sports and Recreation Instruction (611620),448 Dowd Ave,Canton,CT,06019-2410,i***@rsvpvolleyball.com
3528109,Lumera LLC,LLC,Active,2026-10-04,Domestic,Connecticut,All Other Home Furnishings Retailers (449129),19 Trowbridge,Bethel,CT,06801,s***@lumeradesign.us
3528119,Symmetry Power Options LLC,LLC,Active,2026-10-04,Domestic,Connecticut,Other Scientific and Technical Consulting Services (541690),93 Prospect Ave,Danielson,CT,06239-2737,i***@gmail.com
3528121,AR Fine Auto Care LLC,LLC,Active,2026-10-04,Domestic,Connecticut,Car Washes (811192),267 Peter Green Rd,Tolland,CT,06084-2409,t***@gmail.com
3528135,A. Reyes Digital LLC,LLC,Active,2026-10-04,Domestic,Connecticut,"Media Streaming Distribution Services, Social Networks, and Other Media Networks and Content Providers (516210)",11 Settlers Ln,Sandy Hook,CT,06482-1312,r***@gmail.com
3528141,Bay Cedar LLC,LLC,Active,2026-10-04,Domestic,Connecticut,"Independent Artists, Writers, and Performers (711510)",26 Winton Farm Rd,Newtown,CT,06470-2653,b***@gmail.com
3528144,"Sliker Horticulture, LLC",LLC,Active,2026-10-04,Domestic,Connecticut,"Flower, Nursery Stock, and Florists' Supplies Merchant Wholesalers (424930)",13 BURNHAM ST,Kensington,CT,06037,s***@gmail.com
3528150,Whish List Home Services LLC,LLC,Active,2026-10-04,Domestic,Connecticut,Other Services to Buildings and Dwellings (561790),18 Willieb St,Glastonbury,CT,06033-3068,a***@gmail.com
3528155,L'ESCALIER Limited Liability Co.,LLC,Active,2026-10-04,Domestic,Connecticut,Lessors of Residential Buildings and Dwellings (531110),17 Meadow St,Seymour,CT,06483-2903,e***@yahoo.com
3528173,Celix LLC,LLC,Active,2026-10-04,Domestic,Connecticut,Computer Systems Design Services (541512),40 Rockmere Ave,Old Greenwich,CT,06870-1312,p***@celixlabs.io
3528177,Paz Ramos Landscaping LLC,LLC,Active,2026-10-04,Domestic,Connecticut,Landscaping Services (561730),17 Mallory St,Danbury,CT,06810-5407,p***@gmail.com
3528180,VidaDraw Mobile Phlebotomy LLC,LLC,Active,2026-10-04,Domestic,Connecticut,Medical Laboratories (621511),900 Washington St,Middletown,CT,06457-2932,i***@vidadraw.com
3528183,Glimmer Moon Healing LLC,LLC,Active,2026-10-04,Domestic,Connecticut,Other Personal Care Services (812199),41 Federal St,West Hartford,CT,06110-1718,i***@glimmerhealing.com
3528191,Soul Sound Wellness Studio Limited Liability Company,LLC,Active,2026-10-04,Domestic,Connecticut,All Other Miscellaneous Schools and Instruction (611699),48 Church St,Rocky Hill,CT,06067,s***@gmail.com
3528198,Cela Brothers Holdings LLC,LLC,Active,2026-10-04,Domestic,Connecticut,Lessors of Residential Buildings and Dwellings (531110),41 Delhurst Dr,Waterbury,CT,06708-1506,a***@gmail.com
3528226,Expert Driveways & Roadworks LLC,LLC,Active,2026-10-04,Domestic,Connecticut,"Highway, Street, and Bridge Construction (237310)",92 Nelson Dr,Burlington,CT,06013-1900,e***@gmail.com
3528231,T-Rex Industrial LLC,LLC,Active,2026-10-04,Domestic,Connecticut,Welding and Soldering Equipment Manufacturing (333992),85 Cronin St,Bristol,CT,06010-7853,t***@gmail.com
3528238,"Clear Path Numbers, L.L.C.",LLC,Active,2026-10-04,Domestic,Connecticut,Other Accounting Services (541219),362 East St,Stafford Springs,CT,06076-3922,m***@mcosby362east.onmicrosoft.com
3528239,KGT Treasury Consulting LLC,LLC,Active,2026-10-04,Domestic,Connecticut,Administrative Management and General Management Consulting Services (541611),3 Bucciarelli Lane,Norwalk,CT,06850,k***@gmail.com
